"","id","site_id","specie_id","citation_id","cultivar_id","treatment_id","date","dateloc","time","timeloc","mean","n","statname","stat","notes","created_at","updated_at","variable_id","user_id","checked","access_level","entity_id","method_id","date_year","date_month","date_day","time_hour","time_minute"
"1",1000000128,1000025747,1000002393,1000000093,NA,2000000012,NA,NA,NA,NA,0.0551724138,NA,"",NA,"Imported from BAAD version 1.0.1",2019-02-04 19:09:03,2019-02-05 00:49:46,21,1000000003,0,4,NA,NA,NA,NA,NA,NA,NA
"2",1000000129,1000025747,1000002393,1000000093,NA,2000000012,NA,NA,NA,NA,3.7222222222,NA,"",NA,"Imported from BAAD version 1.0.1",2019-02-04 19:09:03,2019-02-05 00:49:46,21,1000000003,0,4,NA,NA,NA,NA,NA,NA,NA
"3",1000000130,1000025747,1000002393,1000000093,NA,2000000012,NA,NA,NA,NA,1.338028169,NA,"",NA,"Imported from BAAD version 1.0.1",2019-02-04 19:09:03,2019-02-05 00:49:46,21,1000000003,0,4,NA,NA,NA,NA,NA,NA,NA
"4",1000000141,1000025747,1000014201,1000000093,NA,2000000012,NA,NA,NA,NA,0.0857699805,NA,"",NA,"Imported from BAAD version 1.0.1",2019-02-04 19:09:05,2019-02-05 00:49:48,21,1000000003,0,4,NA,NA,NA,NA,NA,NA,NA
"5",1000000148,1000025748,1000013985,1000000093,NA,2000000012,NA,NA,NA,NA,0.1504702194,NA,"",NA,"Imported from BAAD version 1.0.1",2019-02-04 19:09:05,2019-02-05 00:49:49,21,1000000003,0,4,NA,NA,NA,NA,NA,NA,NA
"6",1000000152,1000025748,1000013985,1000000093,NA,2000000012,NA,NA,NA,NA,0.05,NA,"",NA,"Imported from BAAD version 1.0.1",2019-02-04 19:09:06,2019-02-05 00:49:50,21,1000000003,0,4,NA,NA,NA,NA,NA,NA,NA
"7",1000000155,1000025748,1000013985,1000000093,NA,2000000012,NA,NA,NA,NA,0.078125,NA,"",NA,"Imported from BAAD version 1.0.1",2019-02-04 19:09:06,2019-02-05 00:49:50,21,1000000003,0,4,NA,NA,NA,NA,NA,NA,NA
"8",1000000158,1000025748,1000000405,1000000093,NA,2000000012,NA,NA,NA,NA,0.0521172638,NA,"",NA,"Imported from BAAD version 1.0.1",2019-02-04 19:09:07,2019-02-05 00:49:50,21,1000000003,0,4,NA,NA,NA,NA,NA,NA,NA
"9",1000000159,1000025748,1000000405,1000000093,NA,2000000012,NA,NA,NA,NA,0.0454545455,NA,"",NA,"Imported from BAAD version 1.0.1",2019-02-04 19:09:07,2019-02-05 00:49:50,21,1000000003,0,4,NA,NA,NA,NA,NA,NA,NA
"10",1000000169,1000025748,1000011516,1000000093,NA,2000000012,NA,NA,NA,NA,0.1679389313,NA,"",NA,"Imported from BAAD version 1.0.1",2019-02-04 19:09:09,2019-02-05 00:49:52,21,1000000003,0,4,NA,NA,NA,NA,NA,NA,NA
"11",1000000170,1000025748,1000011516,1000000093,NA,2000000012,NA,NA,NA,NA,0.0882352941,NA,"",NA,"Imported from BAAD version 1.0.1",2019-02-04 19:09:09,2019-02-05 00:49:52,21,1000000003,0,4,NA,NA,NA,NA,NA,NA,NA
"12",1000000171,1000025748,1000011516,1000000093,NA,2000000012,NA,NA,NA,NA,0.0465116279,NA,"",NA,"Imported from BAAD version 1.0.1",2019-02-04 19:09:09,2019-02-05 00:49:52,21,1000000003,0,4,NA,NA,NA,NA,NA,NA,NA
"13",1000000174,1000025748,1000011516,1000000093,NA,2000000012,NA,NA,NA,NA,0.1264367816,NA,"",NA,"Imported from BAAD version 1.0.1",2019-02-04 19:09:09,2019-02-05 00:49:53,21,1000000003,0,4,NA,NA,NA,NA,NA,NA,NA
"14",1000000176,1000025748,1000011516,1000000093,NA,2000000012,NA,NA,NA,NA,0.625,NA,"",NA,"Imported from BAAD version 1.0.1",2019-02-04 19:09:09,2019-02-05 00:49:53,21,1000000003,0,4,NA,NA,NA,NA,NA,NA,NA
"15",1000000178,1000025748,13957,1000000093,NA,2000000012,NA,NA,NA,NA,0.3282868526,NA,"",NA,"Imported from BAAD version 1.0.1",2019-02-04 19:09:10,2019-02-05 00:49:53,21,1000000003,0,4,NA,NA,NA,NA,NA,NA,NA
"16",1000000179,1000025748,13957,1000000093,NA,2000000012,NA,NA,NA,NA,0.492639843,NA,"",NA,"Imported from BAAD version 1.0.1",2019-02-04 19:09:10,2019-02-05 00:49:54,21,1000000003,0,4,NA,NA,NA,NA,NA,NA,NA
"17",1000000186,1000004978,33717,1000000097,NA,2000000012,NA,NA,NA,NA,0.2820786086,NA,"",NA,"Imported from BAAD version 1.0.1",2019-02-04 19:09:11,2019-02-05 00:49:55,21,1000000003,0,4,NA,NA,NA,NA,NA,NA,NA
"18",1000000187,1000004978,33717,1000000097,NA,2000000012,NA,NA,NA,NA,0.1897926635,NA,"",NA,"Imported from BAAD version 1.0.1",2019-02-04 19:09:11,2019-02-05 00:49:55,21,1000000003,0,4,NA,NA,NA,NA,NA,NA,NA
"19",1000000189,1000025747,1000005445,1000000093,NA,2000000012,NA,NA,NA,NA,0.1459854015,NA,"",NA,"Imported from BAAD version 1.0.1",2019-02-04 19:09:11,2019-02-05 00:49:55,21,1000000003,0,4,NA,NA,NA,NA,NA,NA,NA
"20",1000000190,1000025747,1000005445,1000000093,NA,2000000012,NA,NA,NA,NA,0.8461538462,NA,"",NA,"Imported from BAAD version 1.0.1",2019-02-04 19:09:11,2019-02-05 00:49:55,21,1000000003,0,4,NA,NA,NA,NA,NA,NA,NA
"21",1000000191,1000025747,1000005445,1000000093,NA,2000000012,NA,NA,NA,NA,0.75,NA,"",NA,"Imported from BAAD version 1.0.1",2019-02-04 19:09:12,2019-02-05 00:49:55,21,1000000003,0,4,NA,NA,NA,NA,NA,NA,NA
"22",1000000192,1000025747,1000005445,1000000093,NA,2000000012,NA,NA,NA,NA,1,NA,"",NA,"Imported from BAAD version 1.0.1",2019-02-04 19:09:12,2019-02-05 00:49:55,21,1000000003,0,4,NA,NA,NA,NA,NA,NA,NA
"23",1000000194,1000025747,1000005445,1000000093,NA,2000000012,NA,NA,NA,NA,0.1126760563,NA,"",NA,"Imported from BAAD version 1.0.1",2019-02-04 19:09:12,2019-02-05 00:49:56,21,1000000003,0,4,NA,NA,NA,NA,NA,NA,NA
"24",1000000195,1000025747,1000005445,1000000093,NA,2000000012,NA,NA,NA,NA,0.1683168317,NA,"",NA,"Imported from BAAD version 1.0.1",2019-02-04 19:09:12,2019-02-05 00:49:56,21,1000000003,0,4,NA,NA,NA,NA,NA,NA,NA
"25",1000000196,1000025747,1000005445,1000000093,NA,2000000012,NA,NA,NA,NA,0.0967741935,NA,"",NA,"Imported from BAAD version 1.0.1",2019-02-04 19:09:12,2019-02-05 00:49:56,21,1000000003,0,4,NA,NA,NA,NA,NA,NA,NA
"26",1000000197,1000025747,1000005445,1000000093,NA,2000000012,NA,NA,NA,NA,0.2261904762,NA,"",NA,"Imported from BAAD version 1.0.1",2019-02-04 19:09:13,2019-02-05 00:49:56,21,1000000003,0,4,NA,NA,NA,NA,NA,NA,NA
"27",1000000199,1000025747,1000000525,1000000093,NA,2000000012,NA,NA,NA,NA,0.0585774059,NA,"",NA,"Imported from BAAD version 1.0.1",2019-02-04 19:09:13,2019-02-05 00:49:56,21,1000000003,0,4,NA,NA,NA,NA,NA,NA,NA
"28",1000000200,1000025747,1000000525,1000000093,NA,2000000012,NA,NA,NA,NA,0.2678571429,NA,"",NA,"Imported from BAAD version 1.0.1",2019-02-04 19:09:13,2019-02-05 00:49:56,21,1000000003,0,4,NA,NA,NA,NA,NA,NA,NA
"29",1000000201,1000025747,1000000525,1000000093,NA,2000000012,NA,NA,NA,NA,0.0684931507,NA,"",NA,"Imported from BAAD version 1.0.1",2019-02-04 19:09:13,2019-02-05 00:49:57,21,1000000003,0,4,NA,NA,NA,NA,NA,NA,NA
"30",1000000202,1000025747,1000000525,1000000093,NA,2000000012,NA,NA,NA,NA,0.0422535211,NA,"",NA,"Imported from BAAD version 1.0.1",2019-02-04 19:09:13,2019-02-05 00:49:57,21,1000000003,0,4,NA,NA,NA,NA,NA,NA,NA
"31",1000000204,1000025747,1000000525,1000000093,NA,2000000012,NA,NA,NA,NA,0.1731601732,NA,"",NA,"Imported from BAAD version 1.0.1",2019-02-04 19:09:14,2019-02-05 00:49:57,21,1000000003,0,4,NA,NA,NA,NA,NA,NA,NA
"32",1000000205,1000025747,1000000525,1000000093,NA,2000000012,NA,NA,NA,NA,0.1019417476,NA,"",NA,"Imported from BAAD version 1.0.1",2019-02-04 19:09:14,2019-02-05 00:49:57,21,1000000003,0,4,NA,NA,NA,NA,NA,NA,NA
"33",1000000206,1000025747,1000000525,1000000093,NA,2000000012,NA,NA,NA,NA,0.1826484018,NA,"",NA,"Imported from BAAD version 1.0.1",2019-02-04 19:09:14,2019-02-05 00:49:57,21,1000000003,0,4,NA,NA,NA,NA,NA,NA,NA
"34",1000000207,1000025747,1000000525,1000000093,NA,2000000012,NA,NA,NA,NA,0.0664206642,NA,"",NA,"Imported from BAAD version 1.0.1",2019-02-04 19:09:14,2019-02-05 00:49:57,21,1000000003,0,4,NA,NA,NA,NA,NA,NA,NA
"35",1000000209,1000025747,1000003313,1000000093,NA,2000000012,NA,NA,NA,NA,0.29,NA,"",NA,"Imported from BAAD version 1.0.1",2019-02-04 19:09:14,2019-02-05 00:49:58,21,1000000003,0,4,NA,NA,NA,NA,NA,NA,NA
"36",1000000210,1000025747,1000003313,1000000093,NA,2000000012,NA,NA,NA,NA,0.2765957447,NA,"",NA,"Imported from BAAD version 1.0.1",2019-02-04 19:09:14,2019-02-05 00:49:58,21,1000000003,0,4,NA,NA,NA,NA,NA,NA,NA
"37",1000000211,1000025747,1000003313,1000000093,NA,2000000012,NA,NA,NA,NA,0.1875,NA,"",NA,"Imported from BAAD version 1.0.1",2019-02-04 19:09:15,2019-02-05 00:49:58,21,1000000003,0,4,NA,NA,NA,NA,NA,NA,NA
"38",1000000212,1000025747,1000003313,1000000093,NA,2000000012,NA,NA,NA,NA,0.2790697674,NA,"",NA,"Imported from BAAD version 1.0.1",2019-02-04 19:09:15,2019-02-05 00:49:58,21,1000000003,0,4,NA,NA,NA,NA,NA,NA,NA
"39",1000000214,1000025747,1000003313,1000000093,NA,2000000012,NA,NA,NA,NA,0.4214876033,NA,"",NA,"Imported from BAAD version 1.0.1",2019-02-04 19:09:15,2019-02-05 00:49:58,21,1000000003,0,4,NA,NA,NA,NA,NA,NA,NA
"40",1000000215,1000025747,1000003313,1000000093,NA,2000000012,NA,NA,NA,NA,0.0398322851,NA,"",NA,"Imported from BAAD version 1.0.1",2019-02-04 19:09:15,2019-02-05 00:49:58,21,1000000003,0,4,NA,NA,NA,NA,NA,NA,NA
"41",1000000216,1000025747,1000003313,1000000093,NA,2000000012,NA,NA,NA,NA,0.1084558824,NA,"",NA,"Imported from BAAD version 1.0.1",2019-02-04 19:09:15,2019-02-05 00:49:59,21,1000000003,0,4,NA,NA,NA,NA,NA,NA,NA
"42",1000000217,1000025747,1000017474,1000000093,NA,2000000012,NA,NA,NA,NA,0.1739130435,NA,"",NA,"Imported from BAAD version 1.0.1",2019-02-04 19:09:15,2019-02-05 00:49:59,21,1000000003,0,4,NA,NA,NA,NA,NA,NA,NA
"43",1000000219,1000025747,1000017474,1000000093,NA,2000000012,NA,NA,NA,NA,0.2205882353,NA,"",NA,"Imported from BAAD version 1.0.1",2019-02-04 19:09:16,2019-02-05 00:49:59,21,1000000003,0,4,NA,NA,NA,NA,NA,NA,NA
"44",1000000220,1000025747,1000017474,1000000093,NA,2000000012,NA,NA,NA,NA,1.4210526316,NA,"",NA,"Imported from BAAD version 1.0.1",2019-02-04 19:09:16,2019-02-05 00:49:59,21,1000000003,0,4,NA,NA,NA,NA,NA,NA,NA
"45",1000000221,1000025747,1000012406,1000000093,NA,2000000012,NA,NA,NA,NA,0.0948275862,NA,"",NA,"Imported from BAAD version 1.0.1",2019-02-04 19:09:16,2019-02-05 00:49:59,21,1000000003,0,4,NA,NA,NA,NA,NA,NA,NA
"46",1000000222,1000025747,1000012406,1000000093,NA,2000000012,NA,NA,NA,NA,0.0420168067,NA,"",NA,"Imported from BAAD version 1.0.1",2019-02-04 19:09:16,2019-02-05 00:49:59,21,1000000003,0,4,NA,NA,NA,NA,NA,NA,NA
"47",1000000224,1000025747,1000012406,1000000093,NA,2000000012,NA,NA,NA,NA,0.0522875817,NA,"",NA,"Imported from BAAD version 1.0.1",2019-02-04 19:09:16,2019-02-05 00:50:00,21,1000000003,0,4,NA,NA,NA,NA,NA,NA,NA
"48",1000000225,1000025747,1000012406,1000000093,NA,2000000012,NA,NA,NA,NA,0.0725806452,NA,"",NA,"Imported from BAAD version 1.0.1",2019-02-04 19:09:16,2019-02-05 00:50:00,21,1000000003,0,4,NA,NA,NA,NA,NA,NA,NA
"49",1000000226,1000025747,1000012406,1000000093,NA,2000000012,NA,NA,NA,NA,0.05,NA,"",NA,"Imported from BAAD version 1.0.1",2019-02-04 19:09:17,2019-02-05 00:50:00,21,1000000003,0,4,NA,NA,NA,NA,NA,NA,NA
"50",1000000227,1000025747,1000012406,1000000093,NA,2000000012,NA,NA,NA,NA,0.0053475936,NA,"",NA,"Imported from BAAD version 1.0.1",2019-02-04 19:09:17,2019-02-05 00:50:00,21,1000000003,0,4,NA,NA,NA,NA,NA,NA,NA
"51",1000000229,1000025747,1000012406,1000000093,NA,2000000012,NA,NA,NA,NA,0.015625,NA,"",NA,"Imported from BAAD version 1.0.1",2019-02-04 19:09:17,2019-02-05 00:50:00,21,1000000003,0,4,NA,NA,NA,NA,NA,NA,NA
"52",1000000230,1000025747,1000004846,1000000093,NA,2000000012,NA,NA,NA,NA,0.0588235294,NA,"",NA,"Imported from BAAD version 1.0.1",2019-02-04 19:09:17,2019-02-05 00:50:00,21,1000000003,0,4,NA,NA,NA,NA,NA,NA,NA
"53",1000000231,1000025747,1000004846,1000000093,NA,2000000012,NA,NA,NA,NA,0.05,NA,"",NA,"Imported from BAAD version 1.0.1",2019-02-04 19:09:17,2019-02-05 00:50:01,21,1000000003,0,4,NA,NA,NA,NA,NA,NA,NA
"54",1000000232,1000025747,1000004846,1000000093,NA,2000000012,NA,NA,NA,NA,0.0333333333,NA,"",NA,"Imported from BAAD version 1.0.1",2019-02-04 19:09:17,2019-02-05 00:50:01,21,1000000003,0,4,NA,NA,NA,NA,NA,NA,NA
"55",1000000234,1000025747,1000000551,1000000093,NA,2000000012,NA,NA,NA,NA,0.0638297872,NA,"",NA,"Imported from BAAD version 1.0.1",2019-02-04 19:09:18,2019-02-05 00:50:01,21,1000000003,0,4,NA,NA,NA,NA,NA,NA,NA
"56",1000000235,1000025747,1000000551,1000000093,NA,2000000012,NA,NA,NA,NA,0.1470588235,NA,"",NA,"Imported from BAAD version 1.0.1",2019-02-04 19:09:18,2019-02-05 00:50:01,21,1000000003,0,4,NA,NA,NA,NA,NA,NA,NA
"57",1000000236,1000025747,1000000551,1000000093,NA,2000000012,NA,NA,NA,NA,0.2545454545,NA,"",NA,"Imported from BAAD version 1.0.1",2019-02-04 19:09:18,2019-02-05 00:50:01,21,1000000003,0,4,NA,NA,NA,NA,NA,NA,NA
"58",1000000237,1000025747,1000000551,1000000093,NA,2000000012,NA,NA,NA,NA,0.09375,NA,"",NA,"Imported from BAAD version 1.0.1",2019-02-04 19:09:18,2019-02-05 00:50:01,21,1000000003,0,4,NA,NA,NA,NA,NA,NA,NA
"59",1000000239,1000025747,1000000551,1000000093,NA,2000000012,NA,NA,NA,NA,0.0819672131,NA,"",NA,"Imported from BAAD version 1.0.1",2019-02-04 19:09:18,2019-02-05 00:50:02,21,1000000003,0,4,NA,NA,NA,NA,NA,NA,NA
"60",1000000240,1000025747,1000000551,1000000093,NA,2000000012,NA,NA,NA,NA,0.032967033,NA,"",NA,"Imported from BAAD version 1.0.1",2019-02-04 19:09:18,2019-02-05 00:50:02,21,1000000003,0,4,NA,NA,NA,NA,NA,NA,NA
"61",1000000241,1000025747,1000002249,1000000093,NA,2000000012,NA,NA,NA,NA,0.2931034483,NA,"",NA,"Imported from BAAD version 1.0.1",2019-02-04 19:09:19,2019-02-05 00:50:02,21,1000000003,0,4,NA,NA,NA,NA,NA,NA,NA
"62",1000000242,1000025747,1000002249,1000000093,NA,2000000012,NA,NA,NA,NA,0.0256410256,NA,"",NA,"Imported from BAAD version 1.0.1",2019-02-04 19:09:19,2019-02-05 00:50:02,21,1000000003,0,4,NA,NA,NA,NA,NA,NA,NA
"63",1000000245,1000025747,1000002249,1000000093,NA,2000000012,NA,NA,NA,NA,0.1887417219,NA,"",NA,"Imported from BAAD version 1.0.1",2019-02-04 19:09:19,2019-02-05 00:50:02,21,1000000003,0,4,NA,NA,NA,NA,NA,NA,NA
"64",1000000249,1000025747,1000002249,1000000093,NA,2000000012,NA,NA,NA,NA,0.0666666667,NA,"",NA,"Imported from BAAD version 1.0.1",2019-02-04 19:09:20,2019-02-05 00:50:03,21,1000000003,0,4,NA,NA,NA,NA,NA,NA,NA
"65",1000000252,1000025747,1000013336,1000000093,NA,2000000012,NA,NA,NA,NA,1.5303030303,NA,"",NA,"Imported from BAAD version 1.0.1",2019-02-04 19:09:20,2019-02-05 00:50:03,21,1000000003,0,4,NA,NA,NA,NA,NA,NA,NA
"66",1000000253,1000025747,1000013336,1000000093,NA,2000000012,NA,NA,NA,NA,0.1142857143,NA,"",NA,"Imported from BAAD version 1.0.1",2019-02-04 19:09:20,2019-02-05 00:50:03,21,1000000003,0,4,NA,NA,NA,NA,NA,NA,NA
"67",1000000266,1000025747,1000000967,1000000093,NA,2000000012,NA,NA,NA,NA,0.1825396825,NA,"",NA,"Imported from BAAD version 1.0.1",2019-02-04 19:09:22,2019-02-05 00:50:05,21,1000000003,0,4,NA,NA,NA,NA,NA,NA,NA
"68",1000000267,1000025747,1000000967,1000000093,NA,2000000012,NA,NA,NA,NA,0.4402515723,NA,"",NA,"Imported from BAAD version 1.0.1",2019-02-04 19:09:22,2019-02-05 00:50:06,21,1000000003,0,4,NA,NA,NA,NA,NA,NA,NA
"69",1000000268,1000025747,1000007582,1000000093,NA,2000000012,NA,NA,NA,NA,0.09375,NA,"",NA,"Imported from BAAD version 1.0.1",2019-02-04 19:09:22,2019-02-05 00:50:06,21,1000000003,0,4,NA,NA,NA,NA,NA,NA,NA
"70",1000000295,1000025747,13945,1000000093,NA,2000000012,NA,NA,NA,NA,0.246031746,NA,"",NA,"Imported from BAAD version 1.0.1",2019-02-04 19:09:25,2019-02-05 00:50:09,21,1000000003,0,4,NA,NA,NA,NA,NA,NA,NA
"71",1000000298,1000025747,13945,1000000093,NA,2000000012,NA,NA,NA,NA,0.2409638554,NA,"",NA,"Imported from BAAD version 1.0.1",2019-02-04 19:09:26,2019-02-05 00:50:10,21,1000000003,0,4,NA,NA,NA,NA,NA,NA,NA
"72",1000000299,1000025747,1000011354,1000000093,NA,2000000012,NA,NA,NA,NA,0.3214285714,NA,"",NA,"Imported from BAAD version 1.0.1",2019-02-04 19:09:26,2019-02-05 00:50:10,21,1000000003,0,4,NA,NA,NA,NA,NA,NA,NA
"73",1000000303,1000025747,1000011354,1000000093,NA,2000000012,NA,NA,NA,NA,0.7777777778,NA,"",NA,"Imported from BAAD version 1.0.1",2019-02-04 19:09:26,2019-02-05 00:50:10,21,1000000003,0,4,NA,NA,NA,NA,NA,NA,NA
"74",1000000304,1000025747,1000011797,1000000093,NA,2000000012,NA,NA,NA,NA,0.0526315789,NA,"",NA,"Imported from BAAD version 1.0.1",2019-02-04 19:09:27,2019-02-05 00:50:11,21,1000000003,0,4,NA,NA,NA,NA,NA,NA,NA
"75",1000000305,1000025747,1000011797,1000000093,NA,2000000012,NA,NA,NA,NA,0.2307692308,NA,"",NA,"Imported from BAAD version 1.0.1",2019-02-04 19:09:27,2019-02-05 00:50:11,21,1000000003,0,4,NA,NA,NA,NA,NA,NA,NA
"76",1000000307,1000025747,1000011797,1000000093,NA,2000000012,NA,NA,NA,NA,0.0281690141,NA,"",NA,"Imported from BAAD version 1.0.1",2019-02-04 19:09:27,2019-02-05 00:50:11,21,1000000003,0,4,NA,NA,NA,NA,NA,NA,NA
"77",1000000308,1000025747,1000011797,1000000093,NA,2000000012,NA,NA,NA,NA,0.1607142857,NA,"",NA,"Imported from BAAD version 1.0.1",2019-02-04 19:09:27,2019-02-05 00:50:11,21,1000000003,0,4,NA,NA,NA,NA,NA,NA,NA
"78",1000000309,1000025747,1000011797,1000000093,NA,2000000012,NA,NA,NA,NA,0.0731707317,NA,"",NA,"Imported from BAAD version 1.0.1",2019-02-04 19:09:27,2019-02-05 00:50:11,21,1000000003,0,4,NA,NA,NA,NA,NA,NA,NA
"79",1000000310,1000025747,1000011797,1000000093,NA,2000000012,NA,NA,NA,NA,0.1363636364,NA,"",NA,"Imported from BAAD version 1.0.1",2019-02-04 19:09:27,2019-02-05 00:50:11,21,1000000003,0,4,NA,NA,NA,NA,NA,NA,NA
"80",1000000312,1000025747,1000011797,1000000093,NA,2000000012,NA,NA,NA,NA,0.2424242424,NA,"",NA,"Imported from BAAD version 1.0.1",2019-02-04 19:09:28,2019-02-05 00:50:12,21,1000000003,0,4,NA,NA,NA,NA,NA,NA,NA
"81",1000000313,1000025747,1000011797,1000000093,NA,2000000012,NA,NA,NA,NA,0.2903225806,NA,"",NA,"Imported from BAAD version 1.0.1",2019-02-04 19:09:28,2019-02-05 00:50:12,21,1000000003,0,4,NA,NA,NA,NA,NA,NA,NA
"82",1000000314,1000025747,1000014824,1000000093,NA,2000000012,NA,NA,NA,NA,0.0463917526,NA,"",NA,"Imported from BAAD version 1.0.1",2019-02-04 19:09:28,2019-02-05 00:50:12,21,1000000003,0,4,NA,NA,NA,NA,NA,NA,NA
"83",1000000315,1000025747,1000014824,1000000093,NA,2000000012,NA,NA,NA,NA,0.0588235294,NA,"",NA,"Imported from BAAD version 1.0.1",2019-02-04 19:09:28,2019-02-05 00:50:12,21,1000000003,0,4,NA,NA,NA,NA,NA,NA,NA
"84",1000000317,1000025747,1000014824,1000000093,NA,2000000012,NA,NA,NA,NA,0.0941176471,NA,"",NA,"Imported from BAAD version 1.0.1",2019-02-04 19:09:28,2019-02-05 00:50:12,21,1000000003,0,4,NA,NA,NA,NA,NA,NA,NA
"85",1000000318,1000025747,1000014824,1000000093,NA,2000000012,NA,NA,NA,NA,0.1454545455,NA,"",NA,"Imported from BAAD version 1.0.1",2019-02-04 19:09:28,2019-02-05 00:50:13,21,1000000003,0,4,NA,NA,NA,NA,NA,NA,NA
"86",1000000319,1000025747,1000014824,1000000093,NA,2000000012,NA,NA,NA,NA,0.1481481481,NA,"",NA,"Imported from BAAD version 1.0.1",2019-02-04 19:09:28,2019-02-05 00:50:13,21,1000000003,0,4,NA,NA,NA,NA,NA,NA,NA
"87",1000000320,1000025747,1000014824,1000000093,NA,2000000012,NA,NA,NA,NA,0.0303030303,NA,"",NA,"Imported from BAAD version 1.0.1",2019-02-04 19:09:29,2019-02-05 00:50:13,21,1000000003,0,4,NA,NA,NA,NA,NA,NA,NA
"88",1000000322,1000025747,1000013708,1000000093,NA,2000000012,NA,NA,NA,NA,0.1226804124,NA,"",NA,"Imported from BAAD version 1.0.1",2019-02-04 19:09:29,2019-02-05 00:50:13,21,1000000003,0,4,NA,NA,NA,NA,NA,NA,NA
"89",1000000323,1000025747,1000013708,1000000093,NA,2000000012,NA,NA,NA,NA,0.1016949153,NA,"",NA,"Imported from BAAD version 1.0.1",2019-02-04 19:09:29,2019-02-05 00:50:13,21,1000000003,0,4,NA,NA,NA,NA,NA,NA,NA
"90",1000000324,1000025747,1000013708,1000000093,NA,2000000012,NA,NA,NA,NA,0.1066098081,NA,"",NA,"Imported from BAAD version 1.0.1",2019-02-04 19:09:29,2019-02-05 00:50:13,21,1000000003,0,4,NA,NA,NA,NA,NA,NA,NA
"91",1000000325,1000025747,1000013708,1000000093,NA,2000000012,NA,NA,NA,NA,0.0836397059,NA,"",NA,"Imported from BAAD version 1.0.1",2019-02-04 19:09:29,2019-02-05 00:50:14,21,1000000003,0,4,NA,NA,NA,NA,NA,NA,NA
"92",1000000327,1000025747,1000013708,1000000093,NA,2000000012,NA,NA,NA,NA,0.2062966031,NA,"",NA,"Imported from BAAD version 1.0.1",2019-02-04 19:09:30,2019-02-05 00:50:14,21,1000000003,0,4,NA,NA,NA,NA,NA,NA,NA
"93",1000000329,1000025747,1000013708,1000000093,NA,2000000012,NA,NA,NA,NA,0.0487804878,NA,"",NA,"Imported from BAAD version 1.0.1",2019-02-04 19:09:30,2019-02-05 00:50:14,21,1000000003,0,4,NA,NA,NA,NA,NA,NA,NA
"94",1000000330,1000025747,1000013708,1000000093,NA,2000000012,NA,NA,NA,NA,0.0575665068,NA,"",NA,"Imported from BAAD version 1.0.1",2019-02-04 19:09:30,2019-02-05 00:50:14,21,1000000003,0,4,NA,NA,NA,NA,NA,NA,NA
"95",1000000331,1000025747,1000013708,1000000093,NA,2000000012,NA,NA,NA,NA,0.0521472393,NA,"",NA,"Imported from BAAD version 1.0.1",2019-02-04 19:09:30,2019-02-05 00:50:15,21,1000000003,0,4,NA,NA,NA,NA,NA,NA,NA
"96",1000000333,1000025748,1000005445,1000000093,NA,2000000012,NA,NA,NA,NA,0.5119047619,NA,"",NA,"Imported from BAAD version 1.0.1",2019-02-04 19:09:30,2019-02-05 00:50:15,21,1000000003,0,4,NA,NA,NA,NA,NA,NA,NA
"97",1000000334,1000025748,1000005445,1000000093,NA,2000000012,NA,NA,NA,NA,0.2597402597,NA,"",NA,"Imported from BAAD version 1.0.1",2019-02-04 19:09:30,2019-02-05 00:50:15,21,1000000003,0,4,NA,NA,NA,NA,NA,NA,NA
"98",1000000335,1000025748,1000005445,1000000093,NA,2000000012,NA,NA,NA,NA,0.3195876289,NA,"",NA,"Imported from BAAD version 1.0.1",2019-02-04 19:09:31,2019-02-05 00:50:15,21,1000000003,0,4,NA,NA,NA,NA,NA,NA,NA
"99",1000000336,1000025748,1000005445,1000000093,NA,2000000012,NA,NA,NA,NA,0.1612903226,NA,"",NA,"Imported from BAAD version 1.0.1",2019-02-04 19:09:31,2019-02-05 00:50:15,21,1000000003,0,4,NA,NA,NA,NA,NA,NA,NA
"100",1000000338,1000025748,1000005445,1000000093,NA,2000000012,NA,NA,NA,NA,0.03125,NA,"",NA,"Imported from BAAD version 1.0.1",2019-02-04 19:09:31,2019-02-05 00:50:16,21,1000000003,0,4,NA,NA,NA,NA,NA,NA,NA
"101",1000000339,1000025748,1000005445,1000000093,NA,2000000012,NA,NA,NA,NA,0.1734693878,NA,"",NA,"Imported from BAAD version 1.0.1",2019-02-04 19:09:31,2019-02-05 00:50:16,21,1000000003,0,4,NA,NA,NA,NA,NA,NA,NA
"102",1000000340,1000025748,1000005445,1000000093,NA,2000000012,NA,NA,NA,NA,0.4193548387,NA,"",NA,"Imported from BAAD version 1.0.1",2019-02-04 19:09:31,2019-02-05 00:50:16,21,1000000003,0,4,NA,NA,NA,NA,NA,NA,NA
"103",1000000341,1000025748,1000005445,1000000093,NA,2000000012,NA,NA,NA,NA,0.1764705882,NA,"",NA,"Imported from BAAD version 1.0.1",2019-02-04 19:09:31,2019-02-05 00:50:16,21,1000000003,0,4,NA,NA,NA,NA,NA,NA,NA
"104",1000000343,1000025748,1000011419,1000000093,NA,2000000012,NA,NA,NA,NA,0.0333333333,NA,"",NA,"Imported from BAAD version 1.0.1",2019-02-04 19:09:32,2019-02-05 00:50:17,21,1000000003,0,4,NA,NA,NA,NA,NA,NA,NA
"105",1000000344,1000025748,1000011419,1000000093,NA,2000000012,NA,NA,NA,NA,0.2727272727,NA,"",NA,"Imported from BAAD version 1.0.1",2019-02-04 19:09:32,2019-02-05 00:50:16,21,1000000003,0,4,NA,NA,NA,NA,NA,NA,NA
"106",1000000345,1000025748,1000011419,1000000093,NA,2000000012,NA,NA,NA,NA,0.0454545455,NA,"",NA,"Imported from BAAD version 1.0.1",2019-02-04 19:09:32,2019-02-05 00:50:16,21,1000000003,0,4,NA,NA,NA,NA,NA,NA,NA
"107",1000000346,1000025748,1000011419,1000000093,NA,2000000012,NA,NA,NA,NA,0.25,NA,"",NA,"Imported from BAAD version 1.0.1",2019-02-04 19:09:32,2019-02-05 00:50:17,21,1000000003,0,4,NA,NA,NA,NA,NA,NA,NA
"108",1000000348,1000025748,1000011419,1000000093,NA,2000000012,NA,NA,NA,NA,0.3823529412,NA,"",NA,"Imported from BAAD version 1.0.1",2019-02-04 19:09:32,2019-02-05 00:50:17,21,1000000003,0,4,NA,NA,NA,NA,NA,NA,NA
"109",1000000349,1000025748,1000011419,1000000093,NA,2000000012,NA,NA,NA,NA,0.0104166667,NA,"",NA,"Imported from BAAD version 1.0.1",2019-02-04 19:09:33,2019-02-05 00:50:17,21,1000000003,0,4,NA,NA,NA,NA,NA,NA,NA
"110",1000000350,1000025748,1000011419,1000000093,NA,2000000012,NA,NA,NA,NA,0.1202531646,NA,"",NA,"Imported from BAAD version 1.0.1",2019-02-04 19:09:33,2019-02-05 00:50:17,21,1000000003,0,4,NA,NA,NA,NA,NA,NA,NA
"111",1000000351,1000025748,1000002346,1000000093,NA,2000000012,NA,NA,NA,NA,0.1543340381,NA,"",NA,"Imported from BAAD version 1.0.1",2019-02-04 19:09:33,2019-02-05 00:50:17,21,1000000003,0,4,NA,NA,NA,NA,NA,NA,NA
"112",1000000353,1000025748,1000002346,1000000093,NA,2000000012,NA,NA,NA,NA,0.2246553122,NA,"",NA,"Imported from BAAD version 1.0.1",2019-02-04 19:09:33,2019-02-05 00:50:18,21,1000000003,0,4,NA,NA,NA,NA,NA,NA,NA
"113",1000000354,1000025748,1000002346,1000000093,NA,2000000012,NA,NA,NA,NA,0.523659306,NA,"",NA,"Imported from BAAD version 1.0.1",2019-02-04 19:09:33,2019-02-05 00:50:18,21,1000000003,0,4,NA,NA,NA,NA,NA,NA,NA
"114",1000000355,1000025748,1000002346,1000000093,NA,2000000012,NA,NA,NA,NA,0.1216931217,NA,"",NA,"Imported from BAAD version 1.0.1",2019-02-04 19:09:33,2019-02-05 00:50:18,21,1000000003,0,4,NA,NA,NA,NA,NA,NA,NA
"115",1000000356,1000025748,1000002346,1000000093,NA,2000000012,NA,NA,NA,NA,0.2208588957,NA,"",NA,"Imported from BAAD version 1.0.1",2019-02-04 19:09:34,2019-02-05 00:50:18,21,1000000003,0,4,NA,NA,NA,NA,NA,NA,NA
"116",1000000358,1000025748,1000002346,1000000093,NA,2000000012,NA,NA,NA,NA,0.1775456919,NA,"",NA,"Imported from BAAD version 1.0.1",2019-02-04 19:09:34,2019-02-05 00:50:18,21,1000000003,0,4,NA,NA,NA,NA,NA,NA,NA
"117",1000000359,1000025748,1000002346,1000000093,NA,2000000012,NA,NA,NA,NA,0.347826087,NA,"",NA,"Imported from BAAD version 1.0.1",2019-02-04 19:09:34,2019-02-05 00:50:18,21,1000000003,0,4,NA,NA,NA,NA,NA,NA,NA
"118",1000000360,1000025748,1000002346,1000000093,NA,2000000012,NA,NA,NA,NA,0.1388888889,NA,"",NA,"Imported from BAAD version 1.0.1",2019-02-04 19:09:34,2019-02-05 00:50:19,21,1000000003,0,4,NA,NA,NA,NA,NA,NA,NA
"119",1000000361,1000025748,1000006122,1000000093,NA,2000000012,NA,NA,NA,NA,0.0258064516,NA,"",NA,"Imported from BAAD version 1.0.1",2019-02-04 19:09:34,2019-02-05 00:50:19,21,1000000003,0,4,NA,NA,NA,NA,NA,NA,NA
"120",1000000363,1000025748,1000006122,1000000093,NA,2000000012,NA,NA,NA,NA,0.1538461538,NA,"",NA,"Imported from BAAD version 1.0.1",2019-02-04 19:09:34,2019-02-05 00:50:19,21,1000000003,0,4,NA,NA,NA,NA,NA,NA,NA
"121",1000000364,1000025748,1000006122,1000000093,NA,2000000012,NA,NA,NA,NA,0.1172248804,NA,"",NA,"Imported from BAAD version 1.0.1",2019-02-04 19:09:35,2019-02-05 00:50:19,21,1000000003,0,4,NA,NA,NA,NA,NA,NA,NA
"122",1000000365,1000025748,1000006122,1000000093,NA,2000000012,NA,NA,NA,NA,0.1343283582,NA,"",NA,"Imported from BAAD version 1.0.1",2019-02-04 19:09:35,2019-02-05 00:50:19,21,1000000003,0,4,NA,NA,NA,NA,NA,NA,NA
"123",1000000366,1000025748,1000006122,1000000093,NA,2000000012,NA,NA,NA,NA,0.0826446281,NA,"",NA,"Imported from BAAD version 1.0.1",2019-02-04 19:09:35,2019-02-05 00:50:19,21,1000000003,0,4,NA,NA,NA,NA,NA,NA,NA
"124",1000000368,1000025748,1000006122,1000000093,NA,2000000012,NA,NA,NA,NA,0.2230769231,NA,"",NA,"Imported from BAAD version 1.0.1",2019-02-04 19:09:35,2019-02-05 00:50:20,21,1000000003,0,4,NA,NA,NA,NA,NA,NA,NA
"125",1000000369,1000025748,1000006122,1000000093,NA,2000000012,NA,NA,NA,NA,0.0980392157,NA,"",NA,"Imported from BAAD version 1.0.1",2019-02-04 19:09:35,2019-02-05 00:50:20,21,1000000003,0,4,NA,NA,NA,NA,NA,NA,NA
"126",1000000370,1000025748,1000000525,1000000093,NA,2000000012,NA,NA,NA,NA,0.181556196,NA,"",NA,"Imported from BAAD version 1.0.1",2019-02-04 19:09:35,2019-02-05 00:50:20,21,1000000003,0,4,NA,NA,NA,NA,NA,NA,NA
"127",1000000372,1000025748,1000000525,1000000093,NA,2000000012,NA,NA,NA,NA,0.2278978389,NA,"",NA,"Imported from BAAD version 1.0.1",2019-02-04 19:09:36,2019-02-05 00:50:20,21,1000000003,0,4,NA,NA,NA,NA,NA,NA,NA
"128",1000000373,1000025748,1000000525,1000000093,NA,2000000012,NA,NA,NA,NA,0.1386138614,NA,"",NA,"Imported from BAAD version 1.0.1",2019-02-04 19:09:36,2019-02-05 00:50:20,21,1000000003,0,4,NA,NA,NA,NA,NA,NA,NA
"129",1000000374,1000025748,1000000525,1000000093,NA,2000000012,NA,NA,NA,NA,0.1435643564,NA,"",NA,"Imported from BAAD version 1.0.1",2019-02-04 19:09:36,2019-02-05 00:50:20,21,1000000003,0,4,NA,NA,NA,NA,NA,NA,NA
"130",1000000375,1000025748,1000002309,1000000093,NA,2000000012,NA,NA,NA,NA,0.0799136069,NA,"",NA,"Imported from BAAD version 1.0.1",2019-02-04 19:09:36,2019-02-05 00:50:21,21,1000000003,0,4,NA,NA,NA,NA,NA,NA,NA
"131",1000000377,1000025748,1000002309,1000000093,NA,2000000012,NA,NA,NA,NA,0.125698324,NA,"",NA,"Imported from BAAD version 1.0.1",2019-02-04 19:09:36,2019-02-05 00:50:21,21,1000000003,0,4,NA,NA,NA,NA,NA,NA,NA
"132",1000000378,1000025748,1000002309,1000000093,NA,2000000012,NA,NA,NA,NA,0.1793534932,NA,"",NA,"Imported from BAAD version 1.0.1",2019-02-04 19:09:36,2019-02-05 00:50:21,21,1000000003,0,4,NA,NA,NA,NA,NA,NA,NA
"133",1000000379,1000025748,1000002309,1000000093,NA,2000000012,NA,NA,NA,NA,0.1920374707,NA,"",NA,"Imported from BAAD version 1.0.1",2019-02-04 19:09:36,2019-02-05 00:50:21,21,1000000003,0,4,NA,NA,NA,NA,NA,NA,NA
"134",1000000381,1000025748,1000002309,1000000093,NA,2000000012,NA,NA,NA,NA,0.2014218009,NA,"",NA,"Imported from BAAD version 1.0.1",2019-02-04 19:09:37,2019-02-05 00:50:21,21,1000000003,0,4,NA,NA,NA,NA,NA,NA,NA
"135",1000000382,1000025748,1000002309,1000000093,NA,2000000012,NA,NA,NA,NA,0.1854728186,NA,"",NA,"Imported from BAAD version 1.0.1",2019-02-04 19:09:37,2019-02-05 00:50:21,21,1000000003,0,4,NA,NA,NA,NA,NA,NA,NA
"136",1000000383,1000025748,1000002309,1000000093,NA,2000000012,NA,NA,NA,NA,1.3613861386,NA,"",NA,"Imported from BAAD version 1.0.1",2019-02-04 19:09:37,2019-02-05 00:50:22,21,1000000003,0,4,NA,NA,NA,NA,NA,NA,NA
"137",1000000384,1000025748,1000002309,1000000093,NA,2000000012,NA,NA,NA,NA,0.1854395604,NA,"",NA,"Imported from BAAD version 1.0.1",2019-02-04 19:09:37,2019-02-05 00:50:22,21,1000000003,0,4,NA,NA,NA,NA,NA,NA,NA
"138",1000000386,1000025748,1000002385,1000000093,NA,2000000012,NA,NA,NA,NA,0.369047619,NA,"",NA,"Imported from BAAD version 1.0.1",2019-02-04 19:09:37,2019-02-05 00:50:22,21,1000000003,0,4,NA,NA,NA,NA,NA,NA,NA
"139",1000000388,1000025748,1000002385,1000000093,NA,2000000012,NA,NA,NA,NA,0.1551724138,NA,"",NA,"Imported from BAAD version 1.0.1",2019-02-04 19:09:38,2019-02-05 00:50:22,21,1000000003,0,4,NA,NA,NA,NA,NA,NA,NA
"140",1000000389,1000025748,1000002385,1000000093,NA,2000000012,NA,NA,NA,NA,0.0545094153,NA,"",NA,"Imported from BAAD version 1.0.1",2019-02-04 19:09:38,2019-02-05 00:50:22,21,1000000003,0,4,NA,NA,NA,NA,NA,NA,NA
"141",1000000390,1000025748,1000002385,1000000093,NA,2000000012,NA,NA,NA,NA,0.5186046512,NA,"",NA,"Imported from BAAD version 1.0.1",2019-02-04 19:09:38,2019-02-05 00:50:23,21,1000000003,0,4,NA,NA,NA,NA,NA,NA,NA
"142",1000000392,1000025748,1000011523,1000000093,NA,2000000012,NA,NA,NA,NA,0.1818181818,NA,"",NA,"Imported from BAAD version 1.0.1",2019-02-04 19:09:38,2019-02-05 00:50:23,21,1000000003,0,4,NA,NA,NA,NA,NA,NA,NA
"143",1000000393,1000025748,1000011523,1000000093,NA,2000000012,NA,NA,NA,NA,0.0737100737,NA,"",NA,"Imported from BAAD version 1.0.1",2019-02-04 19:09:38,2019-02-05 00:50:23,21,1000000003,0,4,NA,NA,NA,NA,NA,NA,NA
"144",1000000394,1000025748,1000011523,1000000093,NA,2000000012,NA,NA,NA,NA,0.1299019608,NA,"",NA,"Imported from BAAD version 1.0.1",2019-02-04 19:09:39,2019-02-05 00:50:23,21,1000000003,0,4,NA,NA,NA,NA,NA,NA,NA
"145",1000000395,1000025748,1000011523,1000000093,NA,2000000012,NA,NA,NA,NA,0.7288135593,NA,"",NA,"Imported from BAAD version 1.0.1",2019-02-04 19:09:39,2019-02-05 00:50:23,21,1000000003,0,4,NA,NA,NA,NA,NA,NA,NA
"146",1000000397,1000025748,1000011523,1000000093,NA,2000000012,NA,NA,NA,NA,0.6129032258,NA,"",NA,"Imported from BAAD version 1.0.1",2019-02-04 19:09:39,2019-02-05 00:50:23,21,1000000003,0,4,NA,NA,NA,NA,NA,NA,NA
"147",1000000398,1000025748,1000011523,1000000093,NA,2000000012,NA,NA,NA,NA,0.5903614458,NA,"",NA,"Imported from BAAD version 1.0.1",2019-02-04 19:09:39,2019-02-05 00:50:24,21,1000000003,0,4,NA,NA,NA,NA,NA,NA,NA
"148",1000000399,1000025748,1000011523,1000000093,NA,2000000012,NA,NA,NA,NA,0.1639344262,NA,"",NA,"Imported from BAAD version 1.0.1",2019-02-04 19:09:39,2019-02-05 00:50:24,21,1000000003,0,4,NA,NA,NA,NA,NA,NA,NA
"149",1000000400,1000025748,1000002249,1000000093,NA,2000000012,NA,NA,NA,NA,0.0863636364,NA,"",NA,"Imported from BAAD version 1.0.1",2019-02-04 19:09:39,2019-02-05 00:50:24,21,1000000003,0,4,NA,NA,NA,NA,NA,NA,NA
"150",1000000402,1000025748,1000002249,1000000093,NA,2000000012,NA,NA,NA,NA,0.0644171779,NA,"",NA,"Imported from BAAD version 1.0.1",2019-02-04 19:09:40,2019-02-05 00:50:24,21,1000000003,0,4,NA,NA,NA,NA,NA,NA,NA
"151",1000000403,1000025748,1000002249,1000000093,NA,2000000012,NA,NA,NA,NA,0.25,NA,"",NA,"Imported from BAAD version 1.0.1",2019-02-04 19:09:40,2019-02-05 00:50:24,21,1000000003,0,4,NA,NA,NA,NA,NA,NA,NA
"152",1000000404,1000025748,1000002249,1000000093,NA,2000000012,NA,NA,NA,NA,0.1991051454,NA,"",NA,"Imported from BAAD version 1.0.1",2019-02-04 19:09:40,2019-02-05 00:50:24,21,1000000003,0,4,NA,NA,NA,NA,NA,NA,NA
"153",1000000405,1000025748,1000002249,1000000093,NA,2000000012,NA,NA,NA,NA,0.0479041916,NA,"",NA,"Imported from BAAD version 1.0.1",2019-02-04 19:09:40,2019-02-05 00:50:25,21,1000000003,0,4,NA,NA,NA,NA,NA,NA,NA
"154",1000000407,1000025748,1000002249,1000000093,NA,2000000012,NA,NA,NA,NA,0.0378151261,NA,"",NA,"Imported from BAAD version 1.0.1",2019-02-04 19:09:40,2019-02-05 00:50:25,21,1000000003,0,4,NA,NA,NA,NA,NA,NA,NA
"155",1000000408,1000025748,1000002249,1000000093,NA,2000000012,NA,NA,NA,NA,0.2946058091,NA,"",NA,"Imported from BAAD version 1.0.1",2019-02-04 19:09:40,2019-02-05 00:50:25,21,1000000003,0,4,NA,NA,NA,NA,NA,NA,NA
"156",1000000409,1000025748,1000002249,1000000093,NA,2000000012,NA,NA,NA,NA,0.4437086093,NA,"",NA,"Imported from BAAD version 1.0.1",2019-02-04 19:09:41,2019-02-05 00:50:25,21,1000000003,0,4,NA,NA,NA,NA,NA,NA,NA
"157",1000000410,1000025748,1000006816,1000000093,NA,2000000012,NA,NA,NA,NA,0.0582524272,NA,"",NA,"Imported from BAAD version 1.0.1",2019-02-04 19:09:41,2019-02-05 00:50:25,21,1000000003,0,4,NA,NA,NA,NA,NA,NA,NA
"158",1000000412,1000025748,1000006816,1000000093,NA,2000000012,NA,NA,NA,NA,0.0757575758,NA,"",NA,"Imported from BAAD version 1.0.1",2019-02-04 19:09:41,2019-02-05 00:50:25,21,1000000003,0,4,NA,NA,NA,NA,NA,NA,NA
"159",1000000413,1000025748,1000006816,1000000093,NA,2000000012,NA,NA,NA,NA,0.1029411765,NA,"",NA,"Imported from BAAD version 1.0.1",2019-02-04 19:09:41,2019-02-05 00:50:26,21,1000000003,0,4,NA,NA,NA,NA,NA,NA,NA
"160",1000000414,1000025748,1000006816,1000000093,NA,2000000012,NA,NA,NA,NA,0.1208791209,NA,"",NA,"Imported from BAAD version 1.0.1",2019-02-04 19:09:41,2019-02-05 00:50:26,21,1000000003,0,4,NA,NA,NA,NA,NA,NA,NA
"161",1000000415,1000025748,1000006816,1000000093,NA,2000000012,NA,NA,NA,NA,0.0392156863,NA,"",NA,"Imported from BAAD version 1.0.1",2019-02-04 19:09:41,2019-02-05 00:50:26,21,1000000003,0,4,NA,NA,NA,NA,NA,NA,NA
"162",1000000417,1000025748,1000006816,1000000093,NA,2000000012,NA,NA,NA,NA,0.0877192982,NA,"",NA,"Imported from BAAD version 1.0.1",2019-02-04 19:09:42,2019-02-05 00:50:26,21,1000000003,0,4,NA,NA,NA,NA,NA,NA,NA
"163",1000000418,1000025748,1000006816,1000000093,NA,2000000012,NA,NA,NA,NA,0.064516129,NA,"",NA,"Imported from BAAD version 1.0.1",2019-02-04 19:09:42,2019-02-05 00:50:26,21,1000000003,0,4,NA,NA,NA,NA,NA,NA,NA
"164",1000000419,1000025748,1000006816,1000000093,NA,2000000012,NA,NA,NA,NA,0.0909090909,NA,"",NA,"Imported from BAAD version 1.0.1",2019-02-04 19:09:42,2019-02-05 00:50:26,21,1000000003,0,4,NA,NA,NA,NA,NA,NA,NA
"165",1000000420,1000025748,39891,1000000093,NA,2000000012,NA,NA,NA,NA,0.0347826087,NA,"",NA,"Imported from BAAD version 1.0.1",2019-02-04 19:09:42,2019-02-05 00:50:27,21,1000000003,0,4,NA,NA,NA,NA,NA,NA,NA
"166",1000000422,1000025748,39891,1000000093,NA,2000000012,NA,NA,NA,NA,11.8181818182,NA,"",NA,"Imported from BAAD version 1.0.1",2019-02-04 19:09:42,2019-02-05 00:50:27,21,1000000003,0,4,NA,NA,NA,NA,NA,NA,NA
"167",1000000423,1000025748,39891,1000000093,NA,2000000012,NA,NA,NA,NA,0.112565445,NA,"",NA,"Imported from BAAD version 1.0.1",2019-02-04 19:09:42,2019-02-05 00:50:27,21,1000000003,0,4,NA,NA,NA,NA,NA,NA,NA
"168",1000000424,1000025748,39891,1000000093,NA,2000000012,NA,NA,NA,NA,0.0720524017,NA,"",NA,"Imported from BAAD version 1.0.1",2019-02-04 19:09:43,2019-02-05 00:50:27,21,1000000003,0,4,NA,NA,NA,NA,NA,NA,NA
"169",1000000426,1000025748,39891,1000000093,NA,2000000012,NA,NA,NA,NA,0.2708860759,NA,"",NA,"Imported from BAAD version 1.0.1",2019-02-04 19:09:43,2019-02-05 00:50:27,21,1000000003,0,4,NA,NA,NA,NA,NA,NA,NA
"170",1000000427,1000025748,39891,1000000093,NA,2000000012,NA,NA,NA,NA,0.2559652928,NA,"",NA,"Imported from BAAD version 1.0.1",2019-02-04 19:09:43,2019-02-05 00:50:27,21,1000000003,0,4,NA,NA,NA,NA,NA,NA,NA
"171",1000000428,1000025748,39891,1000000093,NA,2000000012,NA,NA,NA,NA,0.2121212121,NA,"",NA,"Imported from BAAD version 1.0.1",2019-02-04 19:09:43,2019-02-05 00:50:28,21,1000000003,0,4,NA,NA,NA,NA,NA,NA,NA
"172",1000000429,1000025748,39891,1000000093,NA,2000000012,NA,NA,NA,NA,0.1,NA,"",NA,"Imported from BAAD version 1.0.1",2019-02-04 19:09:43,2019-02-05 00:50:28,21,1000000003,0,4,NA,NA,NA,NA,NA,NA,NA
"173",1000000431,1000025748,1000000967,1000000093,NA,2000000012,NA,NA,NA,NA,0.0938628159,NA,"",NA,"Imported from BAAD version 1.0.1",2019-02-04 19:09:44,2019-02-05 00:50:28,21,1000000003,0,4,NA,NA,NA,NA,NA,NA,NA
"174",1000000432,1000025748,1000000967,1000000093,NA,2000000012,NA,NA,NA,NA,0.0958333333,NA,"",NA,"Imported from BAAD version 1.0.1",2019-02-04 19:09:44,2019-02-05 00:50:28,21,1000000003,0,4,NA,NA,NA,NA,NA,NA,NA
"175",1000000433,1000025748,1000000967,1000000093,NA,2000000012,NA,NA,NA,NA,0.0939393939,NA,"",NA,"Imported from BAAD version 1.0.1",2019-02-04 19:09:44,2019-02-05 00:50:28,21,1000000003,0,4,NA,NA,NA,NA,NA,NA,NA
"176",1000000435,1000025748,1000000967,1000000093,NA,2000000012,NA,NA,NA,NA,0.0833333333,NA,"",NA,"Imported from BAAD version 1.0.1",2019-02-04 19:09:44,2019-02-05 00:50:28,21,1000000003,0,4,NA,NA,NA,NA,NA,NA,NA
"177",1000000436,1000025748,1000000967,1000000093,NA,2000000012,NA,NA,NA,NA,0.0633484163,NA,"",NA,"Imported from BAAD version 1.0.1",2019-02-04 19:09:44,2019-02-05 00:50:29,21,1000000003,0,4,NA,NA,NA,NA,NA,NA,NA
"178",1000000437,1000025748,1000000967,1000000093,NA,2000000012,NA,NA,NA,NA,0.0747663551,NA,"",NA,"Imported from BAAD version 1.0.1",2019-02-04 19:09:44,2019-02-05 00:50:29,21,1000000003,0,4,NA,NA,NA,NA,NA,NA,NA
"179",1000000438,1000025748,1000000967,1000000093,NA,2000000012,NA,NA,NA,NA,0.1212121212,NA,"",NA,"Imported from BAAD version 1.0.1",2019-02-04 19:09:44,2019-02-05 00:50:29,21,1000000003,0,4,NA,NA,NA,NA,NA,NA,NA
"180",1000000440,1000025748,1000018276,1000000093,NA,2000000012,NA,NA,NA,NA,0.149068323,NA,"",NA,"Imported from BAAD version 1.0.1",2019-02-04 19:09:45,2019-02-05 00:50:29,21,1000000003,0,4,NA,NA,NA,NA,NA,NA,NA
"181",1000000441,1000025748,1000018276,1000000093,NA,2000000012,NA,NA,NA,NA,0.1911764706,NA,"",NA,"Imported from BAAD version 1.0.1",2019-02-04 19:09:45,2019-02-05 00:50:29,21,1000000003,0,4,NA,NA,NA,NA,NA,NA,NA
"182",1000000442,1000025748,1000018276,1000000093,NA,2000000012,NA,NA,NA,NA,0.1259259259,NA,"",NA,"Imported from BAAD version 1.0.1",2019-02-04 19:09:45,2019-02-05 00:50:29,21,1000000003,0,4,NA,NA,NA,NA,NA,NA,NA
"183",1000000444,1000025748,1000018276,1000000093,NA,2000000012,NA,NA,NA,NA,0.316,NA,"",NA,"Imported from BAAD version 1.0.1",2019-02-04 19:09:45,2019-02-05 00:50:30,21,1000000003,0,4,NA,NA,NA,NA,NA,NA,NA
"184",1000000445,1000025748,1000018276,1000000093,NA,2000000012,NA,NA,NA,NA,0.125,NA,"",NA,"Imported from BAAD version 1.0.1",2019-02-04 19:09:45,2019-02-05 00:50:30,21,1000000003,0,4,NA,NA,NA,NA,NA,NA,NA
"185",1000000447,1000025748,1000018276,1000000093,NA,2000000012,NA,NA,NA,NA,0.2012195122,NA,"",NA,"Imported from BAAD version 1.0.1",2019-02-04 19:09:46,2019-02-05 00:50:30,21,1000000003,0,4,NA,NA,NA,NA,NA,NA,NA
"186",1000000449,1000025748,1000018276,1000000093,NA,2000000012,NA,NA,NA,NA,0.2317073171,NA,"",NA,"Imported from BAAD version 1.0.1",2019-02-04 19:09:46,2019-02-05 00:50:30,21,1000000003,0,4,NA,NA,NA,NA,NA,NA,NA
"187",1000000450,1000025748,39945,1000000093,NA,2000000012,NA,NA,NA,NA,0.2631578947,NA,"",NA,"Imported from BAAD version 1.0.1",2019-02-04 19:09:46,2019-02-05 00:50:30,21,1000000003,0,4,NA,NA,NA,NA,NA,NA,NA
"188",1000000451,1000025748,39945,1000000093,NA,2000000012,NA,NA,NA,NA,0.3619631902,NA,"",NA,"Imported from BAAD version 1.0.1",2019-02-04 19:09:46,2019-02-05 00:50:31,21,1000000003,0,4,NA,NA,NA,NA,NA,NA,NA
"189",1000000452,1000025748,39945,1000000093,NA,2000000012,NA,NA,NA,NA,0.3644859813,NA,"",NA,"Imported from BAAD version 1.0.1",2019-02-04 19:09:47,2019-02-05 00:50:31,21,1000000003,0,4,NA,NA,NA,NA,NA,NA,NA
"190",1000000454,1000025748,39945,1000000093,NA,2000000012,NA,NA,NA,NA,0.4776119403,NA,"",NA,"Imported from BAAD version 1.0.1",2019-02-04 19:09:47,2019-02-05 00:50:31,21,1000000003,0,4,NA,NA,NA,NA,NA,NA,NA
"191",1000000455,1000025748,39945,1000000093,NA,2000000012,NA,NA,NA,NA,0.4074074074,NA,"",NA,"Imported from BAAD version 1.0.1",2019-02-04 19:09:47,2019-02-05 00:50:31,21,1000000003,0,4,NA,NA,NA,NA,NA,NA,NA
"192",1000000456,1000025748,39945,1000000093,NA,2000000012,NA,NA,NA,NA,0.3042253521,NA,"",NA,"Imported from BAAD version 1.0.1",2019-02-04 19:09:48,2019-02-05 00:50:31,21,1000000003,0,4,NA,NA,NA,NA,NA,NA,NA
"193",1000000457,1000025748,39945,1000000093,NA,2000000012,NA,NA,NA,NA,0.1909448819,NA,"",NA,"Imported from BAAD version 1.0.1",2019-02-04 19:09:48,2019-02-05 00:50:31,21,1000000003,0,4,NA,NA,NA,NA,NA,NA,NA
"194",1000000459,1000025748,1000014119,1000000093,NA,2000000012,NA,NA,NA,NA,0.8541114058,NA,"",NA,"Imported from BAAD version 1.0.1",2019-02-04 19:09:48,2019-02-05 00:50:32,21,1000000003,0,4,NA,NA,NA,NA,NA,NA,NA
"195",1000000460,1000025748,1354,1000000093,NA,2000000012,NA,NA,NA,NA,0.0169934641,NA,"",NA,"Imported from BAAD version 1.0.1",2019-02-04 19:09:48,2019-02-05 00:50:32,21,1000000003,0,4,NA,NA,NA,NA,NA,NA,NA
"196",1000000461,1000025748,1354,1000000093,NA,2000000012,NA,NA,NA,NA,0.0072727273,NA,"",NA,"Imported from BAAD version 1.0.1",2019-02-04 19:09:48,2019-02-05 00:50:32,21,1000000003,0,4,NA,NA,NA,NA,NA,NA,NA
"197",1000000462,1000025748,1354,1000000093,NA,2000000012,NA,NA,NA,NA,0.0257142857,NA,"",NA,"Imported from BAAD version 1.0.1",2019-02-04 19:09:48,2019-02-05 00:50:32,21,1000000003,0,4,NA,NA,NA,NA,NA,NA,NA
"198",1000000464,1000025748,1354,1000000093,NA,2000000012,NA,NA,NA,NA,0.0120481928,NA,"",NA,"Imported from BAAD version 1.0.1",2019-02-04 19:09:49,2019-02-05 00:50:32,21,1000000003,0,4,NA,NA,NA,NA,NA,NA,NA
"199",1000000465,1000025748,1354,1000000093,NA,2000000012,NA,NA,NA,NA,0.0187969925,NA,"",NA,"Imported from BAAD version 1.0.1",2019-02-04 19:09:49,2019-02-05 00:50:32,21,1000000003,0,4,NA,NA,NA,NA,NA,NA,NA
"200",1000000466,1000025748,1354,1000000093,NA,2000000012,NA,NA,NA,NA,0.0159090909,NA,"",NA,"Imported from BAAD version 1.0.1",2019-02-04 19:09:49,2019-02-05 00:50:33,21,1000000003,0,4,NA,NA,NA,NA,NA,NA,NA
"201",1000000467,1000025748,1354,1000000093,NA,2000000012,NA,NA,NA,NA,0.0268456376,NA,"",NA,"Imported from BAAD version 1.0.1",2019-02-04 19:09:49,2019-02-05 00:50:33,21,1000000003,0,4,NA,NA,NA,NA,NA,NA,NA
"202",1000000469,1000025748,1000001324,1000000093,NA,2000000012,NA,NA,NA,NA,0.0791208791,NA,"",NA,"Imported from BAAD version 1.0.1",2019-02-04 19:09:49,2019-02-05 00:50:33,21,1000000003,0,4,NA,NA,NA,NA,NA,NA,NA
"203",1000000470,1000025748,1000001324,1000000093,NA,2000000012,NA,NA,NA,NA,0.0671641791,NA,"",NA,"Imported from BAAD version 1.0.1",2019-02-04 19:09:50,2019-02-05 00:50:33,21,1000000003,0,4,NA,NA,NA,NA,NA,NA,NA
"204",1000000471,1000025748,1000001324,1000000093,NA,2000000012,NA,NA,NA,NA,0.0886699507,NA,"",NA,"Imported from BAAD version 1.0.1",2019-02-04 19:09:50,2019-02-05 00:50:33,21,1000000003,0,4,NA,NA,NA,NA,NA,NA,NA
"205",1000000472,1000025748,1000001324,1000000093,NA,2000000012,NA,NA,NA,NA,0.1168831169,NA,"",NA,"Imported from BAAD version 1.0.1",2019-02-04 19:09:50,2019-02-05 00:50:33,21,1000000003,0,4,NA,NA,NA,NA,NA,NA,NA
"206",1000000474,1000025748,1000001324,1000000093,NA,2000000012,NA,NA,NA,NA,0.0070671378,NA,"",NA,"Imported from BAAD version 1.0.1",2019-02-04 19:09:50,2019-02-05 00:50:34,21,1000000003,0,4,NA,NA,NA,NA,NA,NA,NA
"207",1000000475,1000025748,1000001324,1000000093,NA,2000000012,NA,NA,NA,NA,0.0269058296,NA,"",NA,"Imported from BAAD version 1.0.1",2019-02-04 19:09:50,2019-02-05 00:50:34,21,1000000003,0,4,NA,NA,NA,NA,NA,NA,NA
"208",1000000476,1000025748,1000001324,1000000093,NA,2000000012,NA,NA,NA,NA,0.0344827586,NA,"",NA,"Imported from BAAD version 1.0.1",2019-02-04 19:09:50,2019-02-05 00:50:34,21,1000000003,0,4,NA,NA,NA,NA,NA,NA,NA
"209",1000000477,1000025748,1000001324,1000000093,NA,2000000012,NA,NA,NA,NA,0.0731707317,NA,"",NA,"Imported from BAAD version 1.0.1",2019-02-04 19:09:51,2019-02-05 00:50:34,21,1000000003,0,4,NA,NA,NA,NA,NA,NA,NA
"210",1000000479,1000025748,18237,1000000093,NA,2000000012,NA,NA,NA,NA,0.1943127962,NA,"",NA,"Imported from BAAD version 1.0.1",2019-02-04 19:09:51,2019-02-05 00:50:34,21,1000000003,0,4,NA,NA,NA,NA,NA,NA,NA
"211",1000000480,1000025748,18237,1000000093,NA,2000000012,NA,NA,NA,NA,0.2753623188,NA,"",NA,"Imported from BAAD version 1.0.1",2019-02-04 19:09:51,2019-02-05 00:50:35,21,1000000003,0,4,NA,NA,NA,NA,NA,NA,NA
"212",1000000481,1000025748,18237,1000000093,NA,2000000012,NA,NA,NA,NA,0.0721830986,NA,"",NA,"Imported from BAAD version 1.0.1",2019-02-04 19:09:51,2019-02-05 00:50:35,21,1000000003,0,4,NA,NA,NA,NA,NA,NA,NA
"213",1000000482,1000025748,18237,1000000093,NA,2000000012,NA,NA,NA,NA,0.1114754098,NA,"",NA,"Imported from BAAD version 1.0.1",2019-02-04 19:09:51,2019-02-05 00:50:35,21,1000000003,0,4,NA,NA,NA,NA,NA,NA,NA
"214",1000000484,1000025748,18237,1000000093,NA,2000000012,NA,NA,NA,NA,0.2702702703,NA,"",NA,"Imported from BAAD version 1.0.1",2019-02-04 19:09:52,2019-02-05 00:50:35,21,1000000003,0,4,NA,NA,NA,NA,NA,NA,NA
"215",1000000485,1000025748,18237,1000000093,NA,2000000012,NA,NA,NA,NA,0.0526315789,NA,"",NA,"Imported from BAAD version 1.0.1",2019-02-04 19:09:52,2019-02-05 00:50:35,21,1000000003,0,4,NA,NA,NA,NA,NA,NA,NA
"216",1000000486,1000025748,18237,1000000093,NA,2000000012,NA,NA,NA,NA,0.0847457627,NA,"",NA,"Imported from BAAD version 1.0.1",2019-02-04 19:09:52,2019-02-05 00:50:35,21,1000000003,0,4,NA,NA,NA,NA,NA,NA,NA
"217",1000000487,1000025748,18237,1000000093,NA,2000000012,NA,NA,NA,NA,0.0740740741,NA,"",NA,"Imported from BAAD version 1.0.1",2019-02-04 19:09:52,2019-02-05 00:50:36,21,1000000003,0,4,NA,NA,NA,NA,NA,NA,NA
"218",1000000489,1000025748,25504,1000000093,NA,2000000012,NA,NA,NA,NA,0.1652892562,NA,"",NA,"Imported from BAAD version 1.0.1",2019-02-04 19:09:52,2019-02-05 00:50:36,21,1000000003,0,4,NA,NA,NA,NA,NA,NA,NA
"219",1000000490,1000025748,25504,1000000093,NA,2000000012,NA,NA,NA,NA,0.2093023256,NA,"",NA,"Imported from BAAD version 1.0.1",2019-02-04 19:09:52,2019-02-05 00:50:36,21,1000000003,0,4,NA,NA,NA,NA,NA,NA,NA
"220",1000000491,1000025748,25504,1000000093,NA,2000000012,NA,NA,NA,NA,0.6359223301,NA,"",NA,"Imported from BAAD version 1.0.1",2019-02-04 19:09:52,2019-02-05 00:50:36,21,1000000003,0,4,NA,NA,NA,NA,NA,NA,NA
"221",1000000492,1000025748,25504,1000000093,NA,2000000012,NA,NA,NA,NA,0.3228699552,NA,"",NA,"Imported from BAAD version 1.0.1",2019-02-04 19:09:52,2019-02-05 00:50:36,21,1000000003,0,4,NA,NA,NA,NA,NA,NA,NA
"222",1000000494,1000025748,25504,1000000093,NA,2000000012,NA,NA,NA,NA,0.1509433962,NA,"",NA,"Imported from BAAD version 1.0.1",2019-02-04 19:09:53,2019-02-05 00:50:37,21,1000000003,0,4,NA,NA,NA,NA,NA,NA,NA
"223",1000000495,1000025748,24426,1000000093,NA,2000000012,NA,NA,NA,NA,0.1428571429,NA,"",NA,"Imported from BAAD version 1.0.1",2019-02-04 19:09:53,2019-02-05 00:50:37,21,1000000003,0,4,NA,NA,NA,NA,NA,NA,NA
"224",1000000496,1000025748,24426,1000000093,NA,2000000012,NA,NA,NA,NA,0.3684210526,NA,"",NA,"Imported from BAAD version 1.0.1",2019-02-04 19:09:53,2019-02-05 00:50:37,21,1000000003,0,4,NA,NA,NA,NA,NA,NA,NA
"225",1000000497,1000025748,24426,1000000093,NA,2000000012,NA,NA,NA,NA,0.2142857143,NA,"",NA,"Imported from BAAD version 1.0.1",2019-02-04 19:09:53,2019-02-05 00:50:37,21,1000000003,0,4,NA,NA,NA,NA,NA,NA,NA
"226",1000000499,1000025748,1000011765,1000000093,NA,2000000012,NA,NA,NA,NA,0.2433035714,NA,"",NA,"Imported from BAAD version 1.0.1",2019-02-04 19:09:53,2019-02-05 00:50:37,21,1000000003,0,4,NA,NA,NA,NA,NA,NA,NA
"227",1000000500,1000025748,1000011765,1000000093,NA,2000000012,NA,NA,NA,NA,0.0297699594,NA,"",NA,"Imported from BAAD version 1.0.1",2019-02-04 19:09:53,2019-02-05 00:50:37,21,1000000003,0,4,NA,NA,NA,NA,NA,NA,NA
"228",1000000501,1000025748,1000011765,1000000093,NA,2000000012,NA,NA,NA,NA,0.0445859873,NA,"",NA,"Imported from BAAD version 1.0.1",2019-02-04 19:09:54,2019-02-05 00:50:37,21,1000000003,0,4,NA,NA,NA,NA,NA,NA,NA
"229",1000000503,1000025748,1000011765,1000000093,NA,2000000012,NA,NA,NA,NA,0.0324675325,NA,"",NA,"Imported from BAAD version 1.0.1",2019-02-04 19:09:54,2019-02-05 00:50:38,21,1000000003,0,4,NA,NA,NA,NA,NA,NA,NA
"230",1000000504,1000025748,1000011765,1000000093,NA,2000000012,NA,NA,NA,NA,0.6274509804,NA,"",NA,"Imported from BAAD version 1.0.1",2019-02-04 19:09:54,2019-02-05 00:50:38,21,1000000003,0,4,NA,NA,NA,NA,NA,NA,NA
"231",1000000506,1000025748,1000011765,1000000093,NA,2000000012,NA,NA,NA,NA,0.4042553191,NA,"",NA,"Imported from BAAD version 1.0.1",2019-02-04 19:09:54,2019-02-05 00:50:38,21,1000000003,0,4,NA,NA,NA,NA,NA,NA,NA
"232",1000000507,1000025748,1000011765,1000000093,NA,2000000012,NA,NA,NA,NA,0.4523809524,NA,"",NA,"Imported from BAAD version 1.0.1",2019-02-04 19:09:54,2019-02-05 00:50:38,21,1000000003,0,4,NA,NA,NA,NA,NA,NA,NA
"233",1000000508,1000025748,1000011765,1000000093,NA,2000000012,NA,NA,NA,NA,0.75,NA,"",NA,"Imported from BAAD version 1.0.1",2019-02-04 19:09:54,2019-02-05 00:50:38,21,1000000003,0,4,NA,NA,NA,NA,NA,NA,NA
"234",1000000510,1000025748,1000011797,1000000093,NA,2000000012,NA,NA,NA,NA,0.1801801802,NA,"",NA,"Imported from BAAD version 1.0.1",2019-02-04 19:09:55,2019-02-05 00:50:39,21,1000000003,0,4,NA,NA,NA,NA,NA,NA,NA
"235",1000000511,1000025748,1000011797,1000000093,NA,2000000012,NA,NA,NA,NA,0.1657142857,NA,"",NA,"Imported from BAAD version 1.0.1",2019-02-04 19:09:55,2019-02-05 00:50:39,21,1000000003,0,4,NA,NA,NA,NA,NA,NA,NA
"236",1000000512,1000025748,1000011797,1000000093,NA,2000000012,NA,NA,NA,NA,0.2419354839,NA,"",NA,"Imported from BAAD version 1.0.1",2019-02-04 19:09:55,2019-02-05 00:50:39,21,1000000003,0,4,NA,NA,NA,NA,NA,NA,NA
"237",1000000513,1000025748,1000011797,1000000093,NA,2000000012,NA,NA,NA,NA,0.0525059666,NA,"",NA,"Imported from BAAD version 1.0.1",2019-02-04 19:09:55,2019-02-05 00:50:39,21,1000000003,0,4,NA,NA,NA,NA,NA,NA,NA
"238",1000000515,1000025748,1000011797,1000000093,NA,2000000012,NA,NA,NA,NA,0.08,NA,"",NA,"Imported from BAAD version 1.0.1",2019-02-04 19:09:55,2019-02-05 00:50:39,21,1000000003,0,4,NA,NA,NA,NA,NA,NA,NA
"239",1000000516,1000025748,1000011797,1000000093,NA,2000000012,NA,NA,NA,NA,0.2272727273,NA,"",NA,"Imported from BAAD version 1.0.1",2019-02-04 19:09:55,2019-02-05 00:50:40,21,1000000003,0,4,NA,NA,NA,NA,NA,NA,NA
"240",1000000517,1000025748,1000011797,1000000093,NA,2000000012,NA,NA,NA,NA,0.2173913043,NA,"",NA,"Imported from BAAD version 1.0.1",2019-02-04 19:09:56,2019-02-05 00:50:40,21,1000000003,0,4,NA,NA,NA,NA,NA,NA,NA
"241",1000000518,1000025748,1000011797,1000000093,NA,2000000012,NA,NA,NA,NA,0.0909090909,NA,"",NA,"Imported from BAAD version 1.0.1",2019-02-04 19:09:56,2019-02-05 00:50:40,21,1000000003,0,4,NA,NA,NA,NA,NA,NA,NA
"242",1000000520,1000025748,21994,1000000093,NA,2000000012,NA,NA,NA,NA,0.0166666667,NA,"",NA,"Imported from BAAD version 1.0.1",2019-02-04 19:09:56,2019-02-05 00:50:40,21,1000000003,0,4,NA,NA,NA,NA,NA,NA,NA
"243",1000000521,1000025748,21994,1000000093,NA,2000000012,NA,NA,NA,NA,0.6571428571,NA,"",NA,"Imported from BAAD version 1.0.1",2019-02-04 19:09:56,2019-02-05 00:50:40,21,1000000003,0,4,NA,NA,NA,NA,NA,NA,NA
"244",1000000522,1000025748,21994,1000000093,NA,2000000012,NA,NA,NA,NA,0.0731707317,NA,"",NA,"Imported from BAAD version 1.0.1",2019-02-04 19:09:56,2019-02-05 00:50:40,21,1000000003,0,4,NA,NA,NA,NA,NA,NA,NA
"245",1000000523,1000025748,21994,1000000093,NA,2000000012,NA,NA,NA,NA,0.03125,NA,"",NA,"Imported from BAAD version 1.0.1",2019-02-04 19:09:56,2019-02-05 00:50:41,21,1000000003,0,4,NA,NA,NA,NA,NA,NA,NA
"246",1000000525,1000025748,21994,1000000093,NA,2000000012,NA,NA,NA,NA,0.0114942529,NA,"",NA,"Imported from BAAD version 1.0.1",2019-02-04 19:09:57,2019-02-05 00:50:41,21,1000000003,0,4,NA,NA,NA,NA,NA,NA,NA
"247",1000000526,1000025748,21994,1000000093,NA,2000000012,NA,NA,NA,NA,0.1333333333,NA,"",NA,"Imported from BAAD version 1.0.1",2019-02-04 19:09:57,2019-02-05 00:50:41,21,1000000003,0,4,NA,NA,NA,NA,NA,NA,NA
"248",1000000527,1000025748,1000012985,1000000093,NA,2000000012,NA,NA,NA,NA,0.2763636364,NA,"",NA,"Imported from BAAD version 1.0.1",2019-02-04 19:09:57,2019-02-05 00:50:41,21,1000000003,0,4,NA,NA,NA,NA,NA,NA,NA
"249",1000000528,1000025748,1000012985,1000000093,NA,2000000012,NA,NA,NA,NA,0.3841463415,NA,"",NA,"Imported from BAAD version 1.0.1",2019-02-04 19:09:57,2019-02-05 00:50:41,21,1000000003,0,4,NA,NA,NA,NA,NA,NA,NA
"250",1000000530,1000025748,1000012985,1000000093,NA,2000000012,NA,NA,NA,NA,0.1069767442,NA,"",NA,"Imported from BAAD version 1.0.1",2019-02-04 19:09:57,2019-02-05 00:50:41,21,1000000003,0,4,NA,NA,NA,NA,NA,NA,NA
"251",1000000531,1000025748,1000012985,1000000093,NA,2000000012,NA,NA,NA,NA,0.0362047441,NA,"",NA,"Imported from BAAD version 1.0.1",2019-02-04 19:09:57,2019-02-05 00:50:42,21,1000000003,0,4,NA,NA,NA,NA,NA,NA,NA
"252",1000000532,1000025748,1000012985,1000000093,NA,2000000012,NA,NA,NA,NA,0.062254627,NA,"",NA,"Imported from BAAD version 1.0.1",2019-02-04 19:09:57,2019-02-05 00:50:42,21,1000000003,0,4,NA,NA,NA,NA,NA,NA,NA
"253",1000000533,1000025748,1000012985,1000000093,NA,2000000012,NA,NA,NA,NA,0.528,NA,"",NA,"Imported from BAAD version 1.0.1",2019-02-04 19:09:58,2019-02-05 00:50:42,21,1000000003,0,4,NA,NA,NA,NA,NA,NA,NA
"254",1000000535,1000025748,1000012985,1000000093,NA,2000000012,NA,NA,NA,NA,0.2291666667,NA,"",NA,"Imported from BAAD version 1.0.1",2019-02-04 19:09:58,2019-02-05 00:50:42,21,1000000003,0,4,NA,NA,NA,NA,NA,NA,NA
"255",1000000536,1000025748,1000012985,1000000093,NA,2000000012,NA,NA,NA,NA,0.1346153846,NA,"",NA,"Imported from BAAD version 1.0.1",2019-02-04 19:09:58,2019-02-05 00:50:42,21,1000000003,0,4,NA,NA,NA,NA,NA,NA,NA
"256",1000000537,1000025748,3406,1000000093,NA,2000000012,NA,NA,NA,NA,0.9007633588,NA,"",NA,"Imported from BAAD version 1.0.1",2019-02-04 19:09:58,2019-02-05 00:50:42,21,1000000003,0,4,NA,NA,NA,NA,NA,NA,NA
"257",1000000538,1000025748,3406,1000000093,NA,2000000012,NA,NA,NA,NA,0.1696335079,NA,"",NA,"Imported from BAAD version 1.0.1",2019-02-04 19:09:58,2019-02-05 00:50:42,21,1000000003,0,4,NA,NA,NA,NA,NA,NA,NA
"258",1000000540,1000025748,3406,1000000093,NA,2000000012,NA,NA,NA,NA,0.3636363636,NA,"",NA,"Imported from BAAD version 1.0.1",2019-02-04 19:09:59,2019-02-05 00:50:43,21,1000000003,0,4,NA,NA,NA,NA,NA,NA,NA
"259",1000000541,1000025748,3406,1000000093,NA,2000000012,NA,NA,NA,NA,0.1149425287,NA,"",NA,"Imported from BAAD version 1.0.1",2019-02-04 19:09:59,2019-02-05 00:50:43,21,1000000003,0,4,NA,NA,NA,NA,NA,NA,NA
"260",1000000542,1000025748,3406,1000000093,NA,2000000012,NA,NA,NA,NA,0.3223880597,NA,"",NA,"Imported from BAAD version 1.0.1",2019-02-04 19:09:59,2019-02-05 00:50:43,21,1000000003,0,4,NA,NA,NA,NA,NA,NA,NA
"261",1000000543,1000025748,3406,1000000093,NA,2000000012,NA,NA,NA,NA,0.1264822134,NA,"",NA,"Imported from BAAD version 1.0.1",2019-02-04 19:09:59,2019-02-05 00:50:43,21,1000000003,0,4,NA,NA,NA,NA,NA,NA,NA
"262",1000000545,1000025748,3406,1000000093,NA,2000000012,NA,NA,NA,NA,0.5724137931,NA,"",NA,"Imported from BAAD version 1.0.1",2019-02-04 19:09:59,2019-02-05 00:50:43,21,1000000003,0,4,NA,NA,NA,NA,NA,NA,NA
"263",1000000546,1000025748,3406,1000000093,NA,2000000012,NA,NA,NA,NA,0.329787234,NA,"",NA,"Imported from BAAD version 1.0.1",2019-02-04 19:09:59,2019-02-05 00:50:43,21,1000000003,0,4,NA,NA,NA,NA,NA,NA,NA
"264",1000000547,1000025748,39262,1000000093,NA,2000000012,NA,NA,NA,NA,0.7023809524,NA,"",NA,"Imported from BAAD version 1.0.1",2019-02-04 19:09:59,2019-02-05 00:50:44,21,1000000003,0,4,NA,NA,NA,NA,NA,NA,NA
"265",1000000548,1000025748,39262,1000000093,NA,2000000012,NA,NA,NA,NA,0.646,NA,"",NA,"Imported from BAAD version 1.0.1",2019-02-04 19:10:00,2019-02-05 00:50:44,21,1000000003,0,4,NA,NA,NA,NA,NA,NA,NA
"266",1000000550,1000025748,39262,1000000093,NA,2000000012,NA,NA,NA,NA,0.610619469,NA,"",NA,"Imported from BAAD version 1.0.1",2019-02-04 19:10:00,2019-02-05 00:50:44,21,1000000003,0,4,NA,NA,NA,NA,NA,NA,NA
"267",1000000551,1000025748,39262,1000000093,NA,2000000012,NA,NA,NA,NA,0.2887029289,NA,"",NA,"Imported from BAAD version 1.0.1",2019-02-04 19:10:00,2019-02-05 00:50:44,21,1000000003,0,4,NA,NA,NA,NA,NA,NA,NA
"268",1000000552,1000025748,39262,1000000093,NA,2000000012,NA,NA,NA,NA,0.1956745623,NA,"",NA,"Imported from BAAD version 1.0.1",2019-02-04 19:10:00,2019-02-05 00:50:44,21,1000000003,0,4,NA,NA,NA,NA,NA,NA,NA
"269",1000000554,1000025748,39262,1000000093,NA,2000000012,NA,NA,NA,NA,0.0900243309,NA,"",NA,"Imported from BAAD version 1.0.1",2019-02-04 19:10:00,2019-02-05 00:50:44,21,1000000003,0,4,NA,NA,NA,NA,NA,NA,NA
"270",1000000555,1000025748,39262,1000000093,NA,2000000012,NA,NA,NA,NA,0.137195122,NA,"",NA,"Imported from BAAD version 1.0.1",2019-02-04 19:10:00,2019-02-05 00:50:45,21,1000000003,0,4,NA,NA,NA,NA,NA,NA,NA
"271",1000000556,1000025748,39262,1000000093,NA,2000000012,NA,NA,NA,NA,0.1170212766,NA,"",NA,"Imported from BAAD version 1.0.1",2019-02-04 19:10:01,2019-02-05 00:50:45,21,1000000003,0,4,NA,NA,NA,NA,NA,NA,NA
"272",1000000557,1000025748,1000002206,1000000093,NA,2000000012,NA,NA,NA,NA,0.0730858469,NA,"",NA,"Imported from BAAD version 1.0.1",2019-02-04 19:10:01,2019-02-05 00:50:45,21,1000000003,0,4,NA,NA,NA,NA,NA,NA,NA
"273",1000000559,1000025748,1000002206,1000000093,NA,2000000012,NA,NA,NA,NA,0.1371681416,NA,"",NA,"Imported from BAAD version 1.0.1",2019-02-04 19:10:01,2019-02-05 00:50:45,21,1000000003,0,4,NA,NA,NA,NA,NA,NA,NA
"274",1000000560,1000025748,1000002206,1000000093,NA,2000000012,NA,NA,NA,NA,0.0678733032,NA,"",NA,"Imported from BAAD version 1.0.1",2019-02-04 19:10:01,2019-02-05 00:50:45,21,1000000003,0,4,NA,NA,NA,NA,NA,NA,NA
"275",1000000561,1000025748,1000002206,1000000093,NA,2000000012,NA,NA,NA,NA,0.0761589404,NA,"",NA,"Imported from BAAD version 1.0.1",2019-02-04 19:10:01,2019-02-05 00:50:45,21,1000000003,0,4,NA,NA,NA,NA,NA,NA,NA
"276",1000000562,1000025748,1000002206,1000000093,NA,2000000012,NA,NA,NA,NA,0.0338983051,NA,"",NA,"Imported from BAAD version 1.0.1",2019-02-04 19:10:01,2019-02-05 00:50:46,21,1000000003,0,4,NA,NA,NA,NA,NA,NA,NA
"277",1000000564,1000025748,1000002206,1000000093,NA,2000000012,NA,NA,NA,NA,0.225,NA,"",NA,"Imported from BAAD version 1.0.1",2019-02-04 19:10:02,2019-02-05 00:50:46,21,1000000003,0,4,NA,NA,NA,NA,NA,NA,NA
"278",1000000566,1000025749,24008,1000000098,NA,2000000012,NA,NA,NA,NA,0.117103715,NA,"",NA,"Imported from BAAD version 1.0.1",2019-02-04 19:10:02,2019-02-05 00:50:46,21,1000000003,0,4,NA,NA,NA,NA,NA,NA,NA
"279",1000000567,1000025749,24008,1000000098,NA,2000000012,NA,NA,NA,NA,0.1109937303,NA,"",NA,"Imported from BAAD version 1.0.1",2019-02-04 19:10:02,2019-02-05 00:50:46,21,1000000003,0,4,NA,NA,NA,NA,NA,NA,NA
"280",1000000568,1000025749,24008,1000000098,NA,2000000012,NA,NA,NA,NA,0.0894918066,NA,"",NA,"Imported from BAAD version 1.0.1",2019-02-04 19:10:02,2019-02-05 00:50:46,21,1000000003,0,4,NA,NA,NA,NA,NA,NA,NA
"281",1000000569,1000025749,24008,1000000098,NA,2000000012,NA,NA,NA,NA,0.1711406353,NA,"",NA,"Imported from BAAD version 1.0.1",2019-02-04 19:10:02,2019-02-05 00:50:46,21,1000000003,0,4,NA,NA,NA,NA,NA,NA,NA
"282",1000000571,1000025749,24008,1000000098,NA,2000000012,NA,NA,NA,NA,0.1012904616,NA,"",NA,"Imported from BAAD version 1.0.1",2019-02-04 19:10:03,2019-02-05 00:50:47,21,1000000003,0,4,NA,NA,NA,NA,NA,NA,NA
"283",1000000572,1000025749,24008,1000000098,NA,2000000012,NA,NA,NA,NA,0.2246891192,NA,"",NA,"Imported from BAAD version 1.0.1",2019-02-04 19:10:03,2019-02-05 00:50:47,21,1000000003,0,4,NA,NA,NA,NA,NA,NA,NA
"284",1000000573,1000025749,24008,1000000098,NA,2000000012,NA,NA,NA,NA,0.1326504621,NA,"",NA,"Imported from BAAD version 1.0.1",2019-02-04 19:10:03,2019-02-05 00:50:47,21,1000000003,0,4,NA,NA,NA,NA,NA,NA,NA
"285",1000000574,1000025749,24008,1000000098,NA,2000000012,NA,NA,NA,NA,0.1557350783,NA,"",NA,"Imported from BAAD version 1.0.1",2019-02-04 19:10:03,2019-02-05 00:50:47,21,1000000003,0,4,NA,NA,NA,NA,NA,NA,NA
"286",1000000576,1000025749,24008,1000000098,NA,2000000012,NA,NA,NA,NA,0.2297842946,NA,"",NA,"Imported from BAAD version 1.0.1",2019-02-04 19:10:03,2019-02-05 00:50:47,21,1000000003,0,4,NA,NA,NA,NA,NA,NA,NA
"287",1000000127,1000025747,1000002393,1000000093,NA,2000000012,NA,NA,NA,NA,0.0916030534,NA,"",NA,"Imported from BAAD version 1.0.1",2019-02-04 19:07:10,2019-02-05 00:49:46,21,1000000003,0,4,NA,NA,NA,NA,NA,NA,NA
"288",1000000131,1000025747,1000002153,1000000093,NA,2000000012,NA,NA,NA,NA,0.0657276995,NA,"",NA,"Imported from BAAD version 1.0.1",2019-02-04 19:09:03,2019-02-05 00:49:46,21,1000000003,0,4,NA,NA,NA,NA,NA,NA,NA
"289",1000000126,1000025747,1000002153,1000000093,NA,2000000012,NA,NA,NA,NA,0.1753554502,NA,"",NA,"Imported from BAAD version 1.0.1",2019-02-04 19:04:28,2019-02-05 00:49:47,21,1000000003,0,4,NA,NA,NA,NA,NA,NA,NA
"290",1000000132,1000025747,1000002153,1000000093,NA,2000000012,NA,NA,NA,NA,0.0630630631,NA,"",NA,"Imported from BAAD version 1.0.1",2019-02-04 19:09:03,2019-02-05 00:49:47,21,1000000003,0,4,NA,NA,NA,NA,NA,NA,NA
"291",1000000133,1000025747,1000002153,1000000093,NA,2000000012,NA,NA,NA,NA,0.1065088757,NA,"",NA,"Imported from BAAD version 1.0.1",2019-02-04 19:09:03,2019-02-05 00:49:47,21,1000000003,0,4,NA,NA,NA,NA,NA,NA,NA
"292",1000000134,1000025747,1000002153,1000000093,NA,2000000012,NA,NA,NA,NA,0.2366412214,NA,"",NA,"Imported from BAAD version 1.0.1",2019-02-04 19:09:04,2019-02-05 00:49:47,21,1000000003,0,4,NA,NA,NA,NA,NA,NA,NA
"293",1000000135,1000025747,1000002153,1000000093,NA,2000000012,NA,NA,NA,NA,0.0465116279,NA,"",NA,"Imported from BAAD version 1.0.1",2019-02-04 19:09:04,2019-02-05 00:49:47,21,1000000003,0,4,NA,NA,NA,NA,NA,NA,NA
"294",1000000136,1000025747,1000002153,1000000093,NA,2000000012,NA,NA,NA,NA,0.1942446043,NA,"",NA,"Imported from BAAD version 1.0.1",2019-02-04 19:09:04,2019-02-05 00:49:47,21,1000000003,0,4,NA,NA,NA,NA,NA,NA,NA
"295",1000000137,1000025747,1000002153,1000000093,NA,2000000012,NA,NA,NA,NA,0.2522522523,NA,"",NA,"Imported from BAAD version 1.0.1",2019-02-04 19:09:04,2019-02-05 00:49:47,21,1000000003,0,4,NA,NA,NA,NA,NA,NA,NA
"296",1000000138,1000025747,1000014201,1000000093,NA,2000000012,NA,NA,NA,NA,0.175,NA,"",NA,"Imported from BAAD version 1.0.1",2019-02-04 19:09:04,2019-02-05 00:49:48,21,1000000003,0,4,NA,NA,NA,NA,NA,NA,NA
"297",1000000139,1000025747,1000014201,1000000093,NA,2000000012,NA,NA,NA,NA,0.0916334661,NA,"",NA,"Imported from BAAD version 1.0.1",2019-02-04 19:09:04,2019-02-05 00:49:48,21,1000000003,0,4,NA,NA,NA,NA,NA,NA,NA
"298",1000000140,1000025747,1000014201,1000000093,NA,2000000012,NA,NA,NA,NA,0.1870503597,NA,"",NA,"Imported from BAAD version 1.0.1",2019-02-04 19:09:04,2019-02-05 00:49:48,21,1000000003,0,4,NA,NA,NA,NA,NA,NA,NA
"299",1000000142,1000025747,1000014201,1000000093,NA,2000000012,NA,NA,NA,NA,0.4634146341,NA,"",NA,"Imported from BAAD version 1.0.1",2019-02-04 19:09:05,2019-02-05 00:49:48,21,1000000003,0,4,NA,NA,NA,NA,NA,NA,NA
"300",1000000143,1000025747,1000014201,1000000093,NA,2000000012,NA,NA,NA,NA,0.7575757576,NA,"",NA,"Imported from BAAD version 1.0.1",2019-02-04 19:09:05,2019-02-05 00:49:48,21,1000000003,0,4,NA,NA,NA,NA,NA,NA,NA
"301",1000000144,1000025747,1000014201,1000000093,NA,2000000012,NA,NA,NA,NA,0.0941176471,NA,"",NA,"Imported from BAAD version 1.0.1",2019-02-04 19:09:05,2019-02-05 00:49:48,21,1000000003,0,4,NA,NA,NA,NA,NA,NA,NA
"302",1000000145,1000025747,1000014201,1000000093,NA,2000000012,NA,NA,NA,NA,0.2643678161,NA,"",NA,"Imported from BAAD version 1.0.1",2019-02-04 19:09:05,2019-02-05 00:49:49,21,1000000003,0,4,NA,NA,NA,NA,NA,NA,NA
"303",1000000146,1000025747,1000014201,1000000093,NA,2000000012,NA,NA,NA,NA,0.2989130435,NA,"",NA,"Imported from BAAD version 1.0.1",2019-02-04 19:09:05,2019-02-05 00:49:49,21,1000000003,0,4,NA,NA,NA,NA,NA,NA,NA
"304",1000000147,1000025747,1000014201,1000000093,NA,2000000012,NA,NA,NA,NA,0.6796116505,NA,"",NA,"Imported from BAAD version 1.0.1",2019-02-04 19:09:05,2019-02-05 00:49:49,21,1000000003,0,4,NA,NA,NA,NA,NA,NA,NA
"305",1000000149,1000025748,1000013985,1000000093,NA,2000000012,NA,NA,NA,NA,0.2641509434,NA,"",NA,"Imported from BAAD version 1.0.1",2019-02-04 19:09:06,2019-02-05 00:49:49,21,1000000003,0,4,NA,NA,NA,NA,NA,NA,NA
"306",1000000150,1000025748,1000013985,1000000093,NA,2000000012,NA,NA,NA,NA,0.1764705882,NA,"",NA,"Imported from BAAD version 1.0.1",2019-02-04 19:09:06,2019-02-05 00:49:49,21,1000000003,0,4,NA,NA,NA,NA,NA,NA,NA
"307",1000000151,1000025748,1000013985,1000000093,NA,2000000012,NA,NA,NA,NA,0.0787401575,NA,"",NA,"Imported from BAAD version 1.0.1",2019-02-04 19:09:06,2019-02-05 00:49:49,21,1000000003,0,4,NA,NA,NA,NA,NA,NA,NA
"308",1000000153,1000025748,1000013985,1000000093,NA,2000000012,NA,NA,NA,NA,0.0197628458,NA,"",NA,"Imported from BAAD version 1.0.1",2019-02-04 19:09:06,2019-02-05 00:49:50,21,1000000003,0,4,NA,NA,NA,NA,NA,NA,NA
"309",1000000154,1000025748,1000013985,1000000093,NA,2000000012,NA,NA,NA,NA,0.1271186441,NA,"",NA,"Imported from BAAD version 1.0.1",2019-02-04 19:09:06,2019-02-05 00:49:50,21,1000000003,0,4,NA,NA,NA,NA,NA,NA,NA
"310",1000000156,1000025748,1000013985,1000000093,NA,2000000012,NA,NA,NA,NA,0.0930232558,NA,"",NA,"Imported from BAAD version 1.0.1",2019-02-04 19:09:07,2019-02-05 00:49:50,21,1000000003,0,4,NA,NA,NA,NA,NA,NA,NA
"311",1000000157,1000025748,1000013985,1000000093,NA,2000000012,NA,NA,NA,NA,0.1125,NA,"",NA,"Imported from BAAD version 1.0.1",2019-02-04 19:09:07,2019-02-05 00:49:50,21,1000000003,0,4,NA,NA,NA,NA,NA,NA,NA
"312",1000000160,1000025748,1000000405,1000000093,NA,2000000012,NA,NA,NA,NA,0.0296495957,NA,"",NA,"Imported from BAAD version 1.0.1",2019-02-04 19:09:07,2019-02-05 00:49:51,21,1000000003,0,4,NA,NA,NA,NA,NA,NA,NA
"313",1000000161,1000025748,1000000405,1000000093,NA,2000000012,NA,NA,NA,NA,0.0298507463,NA,"",NA,"Imported from BAAD version 1.0.1",2019-02-04 19:09:07,2019-02-05 00:49:52,21,1000000003,0,4,NA,NA,NA,NA,NA,NA,NA
"314",1000000162,1000025748,1000000405,1000000093,NA,2000000012,NA,NA,NA,NA,0.1568627451,NA,"",NA,"Imported from BAAD version 1.0.1",2019-02-04 19:09:07,2019-02-05 00:49:51,21,1000000003,0,4,NA,NA,NA,NA,NA,NA,NA
"315",1000000163,1000025748,1000000405,1000000093,NA,2000000012,NA,NA,NA,NA,0.0173410405,NA,"",NA,"Imported from BAAD version 1.0.1",2019-02-04 19:09:08,2019-02-05 00:49:51,21,1000000003,0,4,NA,NA,NA,NA,NA,NA,NA
"316",1000000164,1000025748,1000000405,1000000093,NA,2000000012,NA,NA,NA,NA,0.046875,NA,"",NA,"Imported from BAAD version 1.0.1",2019-02-04 19:09:08,2019-02-05 00:49:51,21,1000000003,0,4,NA,NA,NA,NA,NA,NA,NA
"317",1000000165,1000025748,1000000405,1000000093,NA,2000000012,NA,NA,NA,NA,0.2368421053,NA,"",NA,"Imported from BAAD version 1.0.1",2019-02-04 19:09:08,2019-02-05 00:49:51,21,1000000003,0,4,NA,NA,NA,NA,NA,NA,NA
"318",1000000166,1000025748,1000000405,1000000093,NA,2000000012,NA,NA,NA,NA,0.0915492958,NA,"",NA,"Imported from BAAD version 1.0.1",2019-02-04 19:09:08,2019-02-05 00:49:52,21,1000000003,0,4,NA,NA,NA,NA,NA,NA,NA
"319",1000000167,1000025748,1000011516,1000000093,NA,2000000012,NA,NA,NA,NA,0.1012145749,NA,"",NA,"Imported from BAAD version 1.0.1",2019-02-04 19:09:08,2019-02-05 00:49:52,21,1000000003,0,4,NA,NA,NA,NA,NA,NA,NA
"320",1000000168,1000025748,1000011516,1000000093,NA,2000000012,NA,NA,NA,NA,0.05625,NA,"",NA,"Imported from BAAD version 1.0.1",2019-02-04 19:09:08,2019-02-05 00:49:52,21,1000000003,0,4,NA,NA,NA,NA,NA,NA,NA
"321",1000000172,1000025748,1000011516,1000000093,NA,2000000012,NA,NA,NA,NA,0.164556962,NA,"",NA,"Imported from BAAD version 1.0.1",2019-02-04 19:09:09,2019-02-05 00:49:53,21,1000000003,0,4,NA,NA,NA,NA,NA,NA,NA
"322",1000000173,1000025748,1000011516,1000000093,NA,2000000012,NA,NA,NA,NA,0.0571428571,NA,"",NA,"Imported from BAAD version 1.0.1",2019-02-04 19:09:09,2019-02-05 00:49:53,21,1000000003,0,4,NA,NA,NA,NA,NA,NA,NA
"323",1000000175,1000025748,1000011516,1000000093,NA,2000000012,NA,NA,NA,NA,0.3134328358,NA,"",NA,"Imported from BAAD version 1.0.1",2019-02-04 19:09:09,2019-02-05 00:49:53,21,1000000003,0,4,NA,NA,NA,NA,NA,NA,NA
"324",1000000177,1000025748,13957,1000000093,NA,2000000012,NA,NA,NA,NA,0.2981818182,NA,"",NA,"Imported from BAAD version 1.0.1",2019-02-04 19:09:10,2019-02-05 00:49:53,21,1000000003,0,4,NA,NA,NA,NA,NA,NA,NA
"325",1000000180,1000025748,13957,1000000093,NA,2000000012,NA,NA,NA,NA,0.1485623003,NA,"",NA,"Imported from BAAD version 1.0.1",2019-02-04 19:09:10,2019-02-05 00:49:54,21,1000000003,0,4,NA,NA,NA,NA,NA,NA,NA
"326",1000000181,1000025748,13957,1000000093,NA,2000000012,NA,NA,NA,NA,0.3396226415,NA,"",NA,"Imported from BAAD version 1.0.1",2019-02-04 19:09:10,2019-02-05 00:49:54,21,1000000003,0,4,NA,NA,NA,NA,NA,NA,NA
"327",1000000182,1000025748,13957,1000000093,NA,2000000012,NA,NA,NA,NA,0.4518072289,NA,"",NA,"Imported from BAAD version 1.0.1",2019-02-04 19:09:10,2019-02-05 00:49:54,21,1000000003,0,4,NA,NA,NA,NA,NA,NA,NA
"328",1000000183,1000025748,13957,1000000093,NA,2000000012,NA,NA,NA,NA,0.3052631579,NA,"",NA,"Imported from BAAD version 1.0.1",2019-02-04 19:09:10,2019-02-05 00:49:54,21,1000000003,0,4,NA,NA,NA,NA,NA,NA,NA
"329",1000000184,1000025748,13957,1000000093,NA,2000000012,NA,NA,NA,NA,0.6379018613,NA,"",NA,"Imported from BAAD version 1.0.1",2019-02-04 19:09:10,2019-02-05 00:49:54,21,1000000003,0,4,NA,NA,NA,NA,NA,NA,NA
"330",1000000185,1000025748,13957,1000000093,NA,2000000012,NA,NA,NA,NA,0.3436293436,NA,"",NA,"Imported from BAAD version 1.0.1",2019-02-04 19:09:11,2019-02-05 00:49:54,21,1000000003,0,4,NA,NA,NA,NA,NA,NA,NA
"331",1000000188,1000004978,33717,1000000097,NA,2000000012,NA,NA,NA,NA,0.20625,NA,"",NA,"Imported from BAAD version 1.0.1",2019-02-04 19:09:11,2019-02-05 00:49:55,21,1000000003,0,4,NA,NA,NA,NA,NA,NA,NA
"332",1000000193,1000025747,1000005445,1000000093,NA,2000000012,NA,NA,NA,NA,0.0691489362,NA,"",NA,"Imported from BAAD version 1.0.1",2019-02-04 19:09:12,2019-02-05 00:49:56,21,1000000003,0,4,NA,NA,NA,NA,NA,NA,NA
"333",1000000198,1000025747,1000005445,1000000093,NA,2000000012,NA,NA,NA,NA,0.0431654676,NA,"",NA,"Imported from BAAD version 1.0.1",2019-02-04 19:09:13,2019-02-05 00:49:56,21,1000000003,0,4,NA,NA,NA,NA,NA,NA,NA
"334",1000000203,1000025747,1000000525,1000000093,NA,2000000012,NA,NA,NA,NA,0.130952381,NA,"",NA,"Imported from BAAD version 1.0.1",2019-02-04 19:09:13,2019-02-05 00:49:57,21,1000000003,0,4,NA,NA,NA,NA,NA,NA,NA
"335",1000000208,1000025747,1000003313,1000000093,NA,2000000012,NA,NA,NA,NA,0.0777777778,NA,"",NA,"Imported from BAAD version 1.0.1",2019-02-04 19:09:14,2019-02-05 00:49:58,21,1000000003,0,4,NA,NA,NA,NA,NA,NA,NA
"336",1000000213,1000025747,1000003313,1000000093,NA,2000000012,NA,NA,NA,NA,0.2857142857,NA,"",NA,"Imported from BAAD version 1.0.1",2019-02-04 19:09:15,2019-02-05 00:49:58,21,1000000003,0,4,NA,NA,NA,NA,NA,NA,NA
"337",1000000218,1000025747,1000017474,1000000093,NA,2000000012,NA,NA,NA,NA,0.1844660194,NA,"",NA,"Imported from BAAD version 1.0.1",2019-02-04 19:09:16,2019-02-05 00:49:59,21,1000000003,0,4,NA,NA,NA,NA,NA,NA,NA
"338",1000000223,1000025747,1000012406,1000000093,NA,2000000012,NA,NA,NA,NA,0.0879120879,NA,"",NA,"Imported from BAAD version 1.0.1",2019-02-04 19:09:16,2019-02-05 00:50:00,21,1000000003,0,4,NA,NA,NA,NA,NA,NA,NA
"339",1000000228,1000025747,1000012406,1000000093,NA,2000000012,NA,NA,NA,NA,0.0714285714,NA,"",NA,"Imported from BAAD version 1.0.1",2019-02-04 19:09:17,2019-02-05 00:50:00,21,1000000003,0,4,NA,NA,NA,NA,NA,NA,NA
"340",1000000233,1000025747,1000004846,1000000093,NA,2000000012,NA,NA,NA,NA,0.1428571429,NA,"",NA,"Imported from BAAD version 1.0.1",2019-02-04 19:09:17,2019-02-05 00:50:01,21,1000000003,0,4,NA,NA,NA,NA,NA,NA,NA
"341",1000000238,1000025747,1000000551,1000000093,NA,2000000012,NA,NA,NA,NA,0.0526315789,NA,"",NA,"Imported from BAAD version 1.0.1",2019-02-04 19:09:18,2019-02-05 00:50:01,21,1000000003,0,4,NA,NA,NA,NA,NA,NA,NA
"342",1000000243,1000025747,1000002249,1000000093,NA,2000000012,NA,NA,NA,NA,0.4,NA,"",NA,"Imported from BAAD version 1.0.1",2019-02-04 19:09:19,2019-02-05 00:50:02,21,1000000003,0,4,NA,NA,NA,NA,NA,NA,NA
"343",1000000244,1000025747,1000002249,1000000093,NA,2000000012,NA,NA,NA,NA,0.2608695652,NA,"",NA,"Imported from BAAD version 1.0.1",2019-02-04 19:09:19,2019-02-05 00:50:02,21,1000000003,0,4,NA,NA,NA,NA,NA,NA,NA
"344",1000000246,1000025747,1000002249,1000000093,NA,2000000012,NA,NA,NA,NA,0.1232227488,NA,"",NA,"Imported from BAAD version 1.0.1",2019-02-04 19:09:19,2019-02-05 00:50:03,21,1000000003,0,4,NA,NA,NA,NA,NA,NA,NA
"345",1000000247,1000025747,1000002249,1000000093,NA,2000000012,NA,NA,NA,NA,0.0617977528,NA,"",NA,"Imported from BAAD version 1.0.1",2019-02-04 19:09:19,2019-02-05 00:50:03,21,1000000003,0,4,NA,NA,NA,NA,NA,NA,NA
"346",1000000248,1000025747,1000002249,1000000093,NA,2000000012,NA,NA,NA,NA,0.0454545455,NA,"",NA,"Imported from BAAD version 1.0.1",2019-02-04 19:09:19,2019-02-05 00:50:03,21,1000000003,0,4,NA,NA,NA,NA,NA,NA,NA
"347",1000000250,1000025747,1000002249,1000000093,NA,2000000012,NA,NA,NA,NA,0.1707317073,NA,"",NA,"Imported from BAAD version 1.0.1",2019-02-04 19:09:20,2019-02-05 00:50:03,21,1000000003,0,4,NA,NA,NA,NA,NA,NA,NA
"348",1000000251,1000025747,1000013336,1000000093,NA,2000000012,NA,NA,NA,NA,0.2417582418,NA,"",NA,"Imported from BAAD version 1.0.1",2019-02-04 19:09:20,2019-02-05 00:50:03,21,1000000003,0,4,NA,NA,NA,NA,NA,NA,NA
"349",1000000254,1000025747,1000013336,1000000093,NA,2000000012,NA,NA,NA,NA,0.3698979592,NA,"",NA,"Imported from BAAD version 1.0.1",2019-02-04 19:09:20,2019-02-05 00:50:04,21,1000000003,0,4,NA,NA,NA,NA,NA,NA,NA
"350",1000000255,1000025747,1000013336,1000000093,NA,2000000012,NA,NA,NA,NA,0.1578947368,NA,"",NA,"Imported from BAAD version 1.0.1",2019-02-04 19:09:20,2019-02-05 00:50:04,21,1000000003,0,4,NA,NA,NA,NA,NA,NA,NA
"351",1000000256,1000025747,1000013336,1000000093,NA,2000000012,NA,NA,NA,NA,0.1227436823,NA,"",NA,"Imported from BAAD version 1.0.1",2019-02-04 19:09:20,2019-02-05 00:50:04,21,1000000003,0,4,NA,NA,NA,NA,NA,NA,NA
"352",1000000257,1000025747,1000013336,1000000093,NA,2000000012,NA,NA,NA,NA,0.3333333333,NA,"",NA,"Imported from BAAD version 1.0.1",2019-02-04 19:09:21,2019-02-05 00:50:04,21,1000000003,0,4,NA,NA,NA,NA,NA,NA,NA
"353",1000000258,1000025747,1000013336,1000000093,NA,2000000012,NA,NA,NA,NA,0.0909090909,NA,"",NA,"Imported from BAAD version 1.0.1",2019-02-04 19:09:21,2019-02-05 00:50:04,21,1000000003,0,4,NA,NA,NA,NA,NA,NA,NA
"354",1000000259,1000025747,1000013336,1000000093,NA,2000000012,NA,NA,NA,NA,0.3953488372,NA,"",NA,"Imported from BAAD version 1.0.1",2019-02-04 19:09:21,2019-02-05 00:50:04,21,1000000003,0,4,NA,NA,NA,NA,NA,NA,NA
"355",1000000260,1000025747,1000013336,1000000093,NA,2000000012,NA,NA,NA,NA,0.3255813953,NA,"",NA,"Imported from BAAD version 1.0.1",2019-02-04 19:09:21,2019-02-05 00:50:04,21,1000000003,0,4,NA,NA,NA,NA,NA,NA,NA
"356",1000000261,1000025747,1000000967,1000000093,NA,2000000012,NA,NA,NA,NA,0.0373831776,NA,"",NA,"Imported from BAAD version 1.0.1",2019-02-04 19:09:21,2019-02-05 00:50:05,21,1000000003,0,4,NA,NA,NA,NA,NA,NA,NA
"357",1000000262,1000025747,1000000967,1000000093,NA,2000000012,NA,NA,NA,NA,0.0476190476,NA,"",NA,"Imported from BAAD version 1.0.1",2019-02-04 19:09:21,2019-02-05 00:50:05,21,1000000003,0,4,NA,NA,NA,NA,NA,NA,NA
"358",1000000263,1000025747,1000000967,1000000093,NA,2000000012,NA,NA,NA,NA,0.1704035874,NA,"",NA,"Imported from BAAD version 1.0.1",2019-02-04 19:09:21,2019-02-05 00:50:05,21,1000000003,0,4,NA,NA,NA,NA,NA,NA,NA
"359",1000000264,1000025747,1000000967,1000000093,NA,2000000012,NA,NA,NA,NA,0.1244444444,NA,"",NA,"Imported from BAAD version 1.0.1",2019-02-04 19:09:21,2019-02-05 00:50:05,21,1000000003,0,4,NA,NA,NA,NA,NA,NA,NA
"360",1000000265,1000025747,1000000967,1000000093,NA,2000000012,NA,NA,NA,NA,0.0222222222,NA,"",NA,"Imported from BAAD version 1.0.1",2019-02-04 19:09:22,2019-02-05 00:50:05,21,1000000003,0,4,NA,NA,NA,NA,NA,NA,NA
"361",1000000269,1000025747,1000007582,1000000093,NA,2000000012,NA,NA,NA,NA,0.1274509804,NA,"",NA,"Imported from BAAD version 1.0.1",2019-02-04 19:09:22,2019-02-05 00:50:06,21,1000000003,0,4,NA,NA,NA,NA,NA,NA,NA
"362",1000000270,1000025747,1000007582,1000000093,NA,2000000012,NA,NA,NA,NA,0.0405405405,NA,"",NA,"Imported from BAAD version 1.0.1",2019-02-04 19:09:22,2019-02-05 00:50:06,21,1000000003,0,4,NA,NA,NA,NA,NA,NA,NA
"363",1000000271,1000025747,1000007582,1000000093,NA,2000000012,NA,NA,NA,NA,0.1097560976,NA,"",NA,"Imported from BAAD version 1.0.1",2019-02-04 19:09:22,2019-02-05 00:50:06,21,1000000003,0,4,NA,NA,NA,NA,NA,NA,NA
"364",1000000272,1000025747,1000007582,1000000093,NA,2000000012,NA,NA,NA,NA,0.0909090909,NA,"",NA,"Imported from BAAD version 1.0.1",2019-02-04 19:09:22,2019-02-05 00:50:06,21,1000000003,0,4,NA,NA,NA,NA,NA,NA,NA
"365",1000000273,1000025747,1000007582,1000000093,NA,2000000012,NA,NA,NA,NA,0.0650406504,NA,"",NA,"Imported from BAAD version 1.0.1",2019-02-04 19:09:23,2019-02-05 00:50:06,21,1000000003,0,4,NA,NA,NA,NA,NA,NA,NA
"366",1000000274,1000025747,1000007582,1000000093,NA,2000000012,NA,NA,NA,NA,0.1285714286,NA,"",NA,"Imported from BAAD version 1.0.1",2019-02-04 19:09:23,2019-02-05 00:50:07,21,1000000003,0,4,NA,NA,NA,NA,NA,NA,NA
"367",1000000275,1000025747,1000007582,1000000093,NA,2000000012,NA,NA,NA,NA,0.24,NA,"",NA,"Imported from BAAD version 1.0.1",2019-02-04 19:09:23,2019-02-05 00:50:07,21,1000000003,0,4,NA,NA,NA,NA,NA,NA,NA
"368",1000000276,1000025747,1000007582,1000000093,NA,2000000012,NA,NA,NA,NA,0.1818181818,NA,"",NA,"Imported from BAAD version 1.0.1",2019-02-04 19:09:23,2019-02-05 00:50:07,21,1000000003,0,4,NA,NA,NA,NA,NA,NA,NA
"369",1000000277,1000025747,1000007582,1000000093,NA,2000000012,NA,NA,NA,NA,0.0492610837,NA,"",NA,"Imported from BAAD version 1.0.1",2019-02-04 19:09:23,2019-02-05 00:50:07,21,1000000003,0,4,NA,NA,NA,NA,NA,NA,NA
"370",1000000278,1000025747,24426,1000000093,NA,2000000012,NA,NA,NA,NA,0.3125,NA,"",NA,"Imported from BAAD version 1.0.1",2019-02-04 19:09:23,2019-02-05 00:50:07,21,1000000003,0,4,NA,NA,NA,NA,NA,NA,NA
"371",1000000279,1000025747,24426,1000000093,NA,2000000012,NA,NA,NA,NA,0.384,NA,"",NA,"Imported from BAAD version 1.0.1",2019-02-04 19:09:23,2019-02-05 00:50:07,21,1000000003,0,4,NA,NA,NA,NA,NA,NA,NA
"372",1000000280,1000025747,27020,1000000093,NA,2000000012,NA,NA,NA,NA,0.0209627329,NA,"",NA,"Imported from BAAD version 1.0.1",2019-02-04 19:09:24,2019-02-05 00:50:07,21,1000000003,0,4,NA,NA,NA,NA,NA,NA,NA
"373",1000000281,1000025747,27020,1000000093,NA,2000000012,NA,NA,NA,NA,0.0269360269,NA,"",NA,"Imported from BAAD version 1.0.1",2019-02-04 19:09:24,2019-02-05 00:50:08,21,1000000003,0,4,NA,NA,NA,NA,NA,NA,NA
"374",1000000282,1000025747,27020,1000000093,NA,2000000012,NA,NA,NA,NA,0.036908078,NA,"",NA,"Imported from BAAD version 1.0.1",2019-02-04 19:09:24,2019-02-05 00:50:08,21,1000000003,0,4,NA,NA,NA,NA,NA,NA,NA
"375",1000000283,1000025747,27020,1000000093,NA,2000000012,NA,NA,NA,NA,0.0477876106,NA,"",NA,"Imported from BAAD version 1.0.1",2019-02-04 19:09:24,2019-02-05 00:50:08,21,1000000003,0,4,NA,NA,NA,NA,NA,NA,NA
"376",1000000284,1000025747,27020,1000000093,NA,2000000012,NA,NA,NA,NA,0.1180124224,NA,"",NA,"Imported from BAAD version 1.0.1",2019-02-04 19:09:24,2019-02-05 00:50:08,21,1000000003,0,4,NA,NA,NA,NA,NA,NA,NA
"377",1000000285,1000025747,27020,1000000093,NA,2000000012,NA,NA,NA,NA,0.0493197279,NA,"",NA,"Imported from BAAD version 1.0.1",2019-02-04 19:09:24,2019-02-05 00:50:08,21,1000000003,0,4,NA,NA,NA,NA,NA,NA,NA
"378",1000000286,1000025747,27020,1000000093,NA,2000000012,NA,NA,NA,NA,0.0744680851,NA,"",NA,"Imported from BAAD version 1.0.1",2019-02-04 19:09:24,2019-02-05 00:50:08,21,1000000003,0,4,NA,NA,NA,NA,NA,NA,NA
"379",1000000287,1000025747,27020,1000000093,NA,2000000012,NA,NA,NA,NA,0.0504587156,NA,"",NA,"Imported from BAAD version 1.0.1",2019-02-04 19:09:24,2019-02-05 00:50:08,21,1000000003,0,4,NA,NA,NA,NA,NA,NA,NA
"380",1000000288,1000025747,27020,1000000093,NA,2000000012,NA,NA,NA,NA,0.0789473684,NA,"",NA,"Imported from BAAD version 1.0.1",2019-02-04 19:09:25,2019-02-05 00:50:08,21,1000000003,0,4,NA,NA,NA,NA,NA,NA,NA
"381",1000000289,1000025747,13945,1000000093,NA,2000000012,NA,NA,NA,NA,0.1255060729,NA,"",NA,"Imported from BAAD version 1.0.1",2019-02-04 19:09:25,2019-02-05 00:50:09,21,1000000003,0,4,NA,NA,NA,NA,NA,NA,NA
"382",1000000290,1000025747,13945,1000000093,NA,2000000012,NA,NA,NA,NA,0.3393665158,NA,"",NA,"Imported from BAAD version 1.0.1",2019-02-04 19:09:25,2019-02-05 00:50:09,21,1000000003,0,4,NA,NA,NA,NA,NA,NA,NA
"383",1000000291,1000025747,13945,1000000093,NA,2000000012,NA,NA,NA,NA,0.3505154639,NA,"",NA,"Imported from BAAD version 1.0.1",2019-02-04 19:09:25,2019-02-05 00:50:09,21,1000000003,0,4,NA,NA,NA,NA,NA,NA,NA
"384",1000000292,1000025747,13945,1000000093,NA,2000000012,NA,NA,NA,NA,0.7125,NA,"",NA,"Imported from BAAD version 1.0.1",2019-02-04 19:09:25,2019-02-05 00:50:09,21,1000000003,0,4,NA,NA,NA,NA,NA,NA,NA
"385",1000000293,1000025747,13945,1000000093,NA,2000000012,NA,NA,NA,NA,0.3454545455,NA,"",NA,"Imported from BAAD version 1.0.1",2019-02-04 19:09:25,2019-02-05 00:50:09,21,1000000003,0,4,NA,NA,NA,NA,NA,NA,NA
"386",1000000294,1000025747,13945,1000000093,NA,2000000012,NA,NA,NA,NA,0.3578947368,NA,"",NA,"Imported from BAAD version 1.0.1",2019-02-04 19:09:25,2019-02-05 00:50:09,21,1000000003,0,4,NA,NA,NA,NA,NA,NA,NA
"387",1000000296,1000025747,13945,1000000093,NA,2000000012,NA,NA,NA,NA,0.3669064748,NA,"",NA,"Imported from BAAD version 1.0.1",2019-02-04 19:09:26,2019-02-05 00:50:09,21,1000000003,0,4,NA,NA,NA,NA,NA,NA,NA
"388",1000000297,1000025747,13945,1000000093,NA,2000000012,NA,NA,NA,NA,0.5164835165,NA,"",NA,"Imported from BAAD version 1.0.1",2019-02-04 19:09:26,2019-02-05 00:50:10,21,1000000003,0,4,NA,NA,NA,NA,NA,NA,NA
"389",1000000300,1000025747,1000011354,1000000093,NA,2000000012,NA,NA,NA,NA,0.1290322581,NA,"",NA,"Imported from BAAD version 1.0.1",2019-02-04 19:09:26,2019-02-05 00:50:10,21,1000000003,0,4,NA,NA,NA,NA,NA,NA,NA
"390",1000000301,1000025747,1000011354,1000000093,NA,2000000012,NA,NA,NA,NA,0.2272727273,NA,"",NA,"Imported from BAAD version 1.0.1",2019-02-04 19:09:26,2019-02-05 00:50:10,21,1000000003,0,4,NA,NA,NA,NA,NA,NA,NA
"391",1000000302,1000025747,1000011354,1000000093,NA,2000000012,NA,NA,NA,NA,0.268907563,NA,"",NA,"Imported from BAAD version 1.0.1",2019-02-04 19:09:26,2019-02-05 00:50:10,21,1000000003,0,4,NA,NA,NA,NA,NA,NA,NA
"392",1000000306,1000025747,1000011797,1000000093,NA,2000000012,NA,NA,NA,NA,0.0285714286,NA,"",NA,"Imported from BAAD version 1.0.1",2019-02-04 19:09:27,2019-02-05 00:50:11,21,1000000003,0,4,NA,NA,NA,NA,NA,NA,NA
"393",1000000311,1000025747,1000011797,1000000093,NA,2000000012,NA,NA,NA,NA,0.1724137931,NA,"",NA,"Imported from BAAD version 1.0.1",2019-02-04 19:09:27,2019-02-05 00:50:12,21,1000000003,0,4,NA,NA,NA,NA,NA,NA,NA
"394",1000000316,1000025747,1000014824,1000000093,NA,2000000012,NA,NA,NA,NA,0.0169491525,NA,"",NA,"Imported from BAAD version 1.0.1",2019-02-04 19:09:28,2019-02-05 00:50:12,21,1000000003,0,4,NA,NA,NA,NA,NA,NA,NA
"395",1000000321,1000025747,1000014824,1000000093,NA,2000000012,NA,NA,NA,NA,0.0322580645,NA,"",NA,"Imported from BAAD version 1.0.1",2019-02-04 19:09:29,2019-02-05 00:50:13,21,1000000003,0,4,NA,NA,NA,NA,NA,NA,NA
"396",1000000326,1000025747,1000013708,1000000093,NA,2000000012,NA,NA,NA,NA,0.1550539745,NA,"",NA,"Imported from BAAD version 1.0.1",2019-02-04 19:09:29,2019-02-05 00:50:14,21,1000000003,0,4,NA,NA,NA,NA,NA,NA,NA
"397",1000000328,1000025747,1000013708,1000000093,NA,2000000012,NA,NA,NA,NA,0.1457286432,NA,"",NA,"Imported from BAAD version 1.0.1",2019-02-04 19:09:30,2019-02-05 00:50:14,21,1000000003,0,4,NA,NA,NA,NA,NA,NA,NA
"398",1000000332,1000025748,1000005445,1000000093,NA,2000000012,NA,NA,NA,NA,0.446969697,NA,"",NA,"Imported from BAAD version 1.0.1",2019-02-04 19:09:30,2019-02-05 00:50:15,21,1000000003,0,4,NA,NA,NA,NA,NA,NA,NA
"399",1000000337,1000025748,1000005445,1000000093,NA,2000000012,NA,NA,NA,NA,0.0519480519,NA,"",NA,"Imported from BAAD version 1.0.1",2019-02-04 19:09:31,2019-02-05 00:50:15,21,1000000003,0,4,NA,NA,NA,NA,NA,NA,NA
"400",1000000342,1000025748,1000011419,1000000093,NA,2000000012,NA,NA,NA,NA,0.0408163265,NA,"",NA,"Imported from BAAD version 1.0.1",2019-02-04 19:09:32,2019-02-05 00:50:16,21,1000000003,0,4,NA,NA,NA,NA,NA,NA,NA
"401",1000000347,1000025748,1000011419,1000000093,NA,2000000012,NA,NA,NA,NA,0.0909090909,NA,"",NA,"Imported from BAAD version 1.0.1",2019-02-04 19:09:32,2019-02-05 00:50:17,21,1000000003,0,4,NA,NA,NA,NA,NA,NA,NA
"402",1000000352,1000025748,1000002346,1000000093,NA,2000000012,NA,NA,NA,NA,0.2660550459,NA,"",NA,"Imported from BAAD version 1.0.1",2019-02-04 19:09:33,2019-02-05 00:50:18,21,1000000003,0,4,NA,NA,NA,NA,NA,NA,NA
"403",1000000357,1000025748,1000002346,1000000093,NA,2000000012,NA,NA,NA,NA,0.1328125,NA,"",NA,"Imported from BAAD version 1.0.1",2019-02-04 19:09:34,2019-02-05 00:50:18,21,1000000003,0,4,NA,NA,NA,NA,NA,NA,NA
"404",1000000362,1000025748,1000006122,1000000093,NA,2000000012,NA,NA,NA,NA,0.075862069,NA,"",NA,"Imported from BAAD version 1.0.1",2019-02-04 19:09:34,2019-02-05 00:50:19,21,1000000003,0,4,NA,NA,NA,NA,NA,NA,NA
"405",1000000367,1000025748,1000006122,1000000093,NA,2000000012,NA,NA,NA,NA,0.0157068063,NA,"",NA,"Imported from BAAD version 1.0.1",2019-02-04 19:09:35,2019-02-05 00:50:20,21,1000000003,0,4,NA,NA,NA,NA,NA,NA,NA
"406",1000000371,1000025748,1000000525,1000000093,NA,2000000012,NA,NA,NA,NA,0.2463054187,NA,"",NA,"Imported from BAAD version 1.0.1",2019-02-04 19:09:35,2019-02-05 00:50:20,21,1000000003,0,4,NA,NA,NA,NA,NA,NA,NA
"407",1000000376,1000025748,1000002309,1000000093,NA,2000000012,NA,NA,NA,NA,0.2808080808,NA,"",NA,"Imported from BAAD version 1.0.1",2019-02-04 19:09:36,2019-02-05 00:50:21,21,1000000003,0,4,NA,NA,NA,NA,NA,NA,NA
"408",1000000380,1000025748,1000002309,1000000093,NA,2000000012,NA,NA,NA,NA,0.125,NA,"",NA,"Imported from BAAD version 1.0.1",2019-02-04 19:09:37,2019-02-05 00:50:21,21,1000000003,0,4,NA,NA,NA,NA,NA,NA,NA
"409",1000000385,1000025748,1000002385,1000000093,NA,2000000012,NA,NA,NA,NA,0.0973451327,NA,"",NA,"Imported from BAAD version 1.0.1",2019-02-04 19:09:37,2019-02-05 00:50:22,21,1000000003,0,4,NA,NA,NA,NA,NA,NA,NA
"410",1000000387,1000025748,1000002385,1000000093,NA,2000000012,NA,NA,NA,NA,0.0719602978,NA,"",NA,"Imported from BAAD version 1.0.1",2019-02-04 19:09:38,2019-02-05 00:50:22,21,1000000003,0,4,NA,NA,NA,NA,NA,NA,NA
"411",1000000391,1000025748,1000011523,1000000093,NA,2000000012,NA,NA,NA,NA,0.0569620253,NA,"",NA,"Imported from BAAD version 1.0.1",2019-02-04 19:09:38,2019-02-05 00:50:23,21,1000000003,0,4,NA,NA,NA,NA,NA,NA,NA
"412",1000000396,1000025748,1000011523,1000000093,NA,2000000012,NA,NA,NA,NA,0.34375,NA,"",NA,"Imported from BAAD version 1.0.1",2019-02-04 19:09:39,2019-02-05 00:50:23,21,1000000003,0,4,NA,NA,NA,NA,NA,NA,NA
"413",1000000401,1000025748,1000002249,1000000093,NA,2000000012,NA,NA,NA,NA,0.0391304348,NA,"",NA,"Imported from BAAD version 1.0.1",2019-02-04 19:09:40,2019-02-05 00:50:24,21,1000000003,0,4,NA,NA,NA,NA,NA,NA,NA
"414",1000000406,1000025748,1000002249,1000000093,NA,2000000012,NA,NA,NA,NA,0.2804878049,NA,"",NA,"Imported from BAAD version 1.0.1",2019-02-04 19:09:40,2019-02-05 00:50:25,21,1000000003,0,4,NA,NA,NA,NA,NA,NA,NA
"415",1000000411,1000025748,1000006816,1000000093,NA,2000000012,NA,NA,NA,NA,0.0967741935,NA,"",NA,"Imported from BAAD version 1.0.1",2019-02-04 19:09:41,2019-02-05 00:50:25,21,1000000003,0,4,NA,NA,NA,NA,NA,NA,NA
"416",1000000416,1000025748,1000006816,1000000093,NA,2000000012,NA,NA,NA,NA,0.1041666667,NA,"",NA,"Imported from BAAD version 1.0.1",2019-02-04 19:09:41,2019-02-05 00:50:26,21,1000000003,0,4,NA,NA,NA,NA,NA,NA,NA
"417",1000000421,1000025748,39891,1000000093,NA,2000000012,NA,NA,NA,NA,0.75,NA,"",NA,"Imported from BAAD version 1.0.1",2019-02-04 19:09:42,2019-02-05 00:50:27,21,1000000003,0,4,NA,NA,NA,NA,NA,NA,NA
"418",1000000425,1000025748,39891,1000000093,NA,2000000012,NA,NA,NA,NA,0.2255639098,NA,"",NA,"Imported from BAAD version 1.0.1",2019-02-04 19:09:43,2019-02-05 00:50:27,21,1000000003,0,4,NA,NA,NA,NA,NA,NA,NA
"419",1000000430,1000025748,1000000967,1000000093,NA,2000000012,NA,NA,NA,NA,0.0961538462,NA,"",NA,"Imported from BAAD version 1.0.1",2019-02-04 19:09:43,2019-02-05 00:50:28,21,1000000003,0,4,NA,NA,NA,NA,NA,NA,NA
"420",1000000434,1000025748,1000000967,1000000093,NA,2000000012,NA,NA,NA,NA,0.0446735395,NA,"",NA,"Imported from BAAD version 1.0.1",2019-02-04 19:09:44,2019-02-05 00:50:28,21,1000000003,0,4,NA,NA,NA,NA,NA,NA,NA
"421",1000000439,1000025748,1000000967,1000000093,NA,2000000012,NA,NA,NA,NA,0.0296296296,NA,"",NA,"Imported from BAAD version 1.0.1",2019-02-04 19:09:45,2019-02-05 00:50:29,21,1000000003,0,4,NA,NA,NA,NA,NA,NA,NA
"422",1000000443,1000025748,1000018276,1000000093,NA,2000000012,NA,NA,NA,NA,0.1866028708,NA,"",NA,"Imported from BAAD version 1.0.1",2019-02-04 19:09:45,2019-02-05 00:50:30,21,1000000003,0,4,NA,NA,NA,NA,NA,NA,NA
"423",1000000446,1000025748,1000018276,1000000093,NA,2000000012,NA,NA,NA,NA,0.0983606557,NA,"",NA,"Imported from BAAD version 1.0.1",2019-02-04 19:09:46,2019-02-05 00:50:30,21,1000000003,0,4,NA,NA,NA,NA,NA,NA,NA
"424",1000000448,1000025748,1000018276,1000000093,NA,2000000012,NA,NA,NA,NA,0.1202531646,NA,"",NA,"Imported from BAAD version 1.0.1",2019-02-04 19:09:46,2019-02-05 00:50:30,21,1000000003,0,4,NA,NA,NA,NA,NA,NA,NA
"425",1000000453,1000025748,39945,1000000093,NA,2000000012,NA,NA,NA,NA,0.2258064516,NA,"",NA,"Imported from BAAD version 1.0.1",2019-02-04 19:09:47,2019-02-05 00:50:31,21,1000000003,0,4,NA,NA,NA,NA,NA,NA,NA
"426",1000000458,1000025748,39945,1000000093,NA,2000000012,NA,NA,NA,NA,0.2059984215,NA,"",NA,"Imported from BAAD version 1.0.1",2019-02-04 19:09:48,2019-02-05 00:50:31,21,1000000003,0,4,NA,NA,NA,NA,NA,NA,NA
"427",1000000463,1000025748,1354,1000000093,NA,2000000012,NA,NA,NA,NA,0.0288461538,NA,"",NA,"Imported from BAAD version 1.0.1",2019-02-04 19:09:49,2019-02-05 00:50:32,21,1000000003,0,4,NA,NA,NA,NA,NA,NA,NA
"428",1000000468,1000025748,1354,1000000093,NA,2000000012,NA,NA,NA,NA,0.0362204724,NA,"",NA,"Imported from BAAD version 1.0.1",2019-02-04 19:09:49,2019-02-05 00:50:33,21,1000000003,0,4,NA,NA,NA,NA,NA,NA,NA
"429",1000000473,1000025748,1000001324,1000000093,NA,2000000012,NA,NA,NA,NA,0.1132075472,NA,"",NA,"Imported from BAAD version 1.0.1",2019-02-04 19:09:50,2019-02-05 00:50:34,21,1000000003,0,4,NA,NA,NA,NA,NA,NA,NA
"430",1000000478,1000025748,1000001324,1000000093,NA,2000000012,NA,NA,NA,NA,0.0235294118,NA,"",NA,"Imported from BAAD version 1.0.1",2019-02-04 19:09:51,2019-02-05 00:50:34,21,1000000003,0,4,NA,NA,NA,NA,NA,NA,NA
"431",1000000483,1000025748,18237,1000000093,NA,2000000012,NA,NA,NA,NA,0.1706730769,NA,"",NA,"Imported from BAAD version 1.0.1",2019-02-04 19:09:51,2019-02-05 00:50:35,21,1000000003,0,4,NA,NA,NA,NA,NA,NA,NA
"432",1000000488,1000025748,18237,1000000093,NA,2000000012,NA,NA,NA,NA,0.0909090909,NA,"",NA,"Imported from BAAD version 1.0.1",2019-02-04 19:09:52,2019-02-05 00:50:36,21,1000000003,0,4,NA,NA,NA,NA,NA,NA,NA
"433",1000000493,1000025748,25504,1000000093,NA,2000000012,NA,NA,NA,NA,0.358778626,NA,"",NA,"Imported from BAAD version 1.0.1",2019-02-04 19:09:53,2019-02-05 00:50:36,21,1000000003,0,4,NA,NA,NA,NA,NA,NA,NA
"434",1000000498,1000025748,24426,1000000093,NA,2000000012,NA,NA,NA,NA,0.2247191011,NA,"",NA,"Imported from BAAD version 1.0.1",2019-02-04 19:09:53,2019-02-05 00:50:37,21,1000000003,0,4,NA,NA,NA,NA,NA,NA,NA
"435",1000000502,1000025748,1000011765,1000000093,NA,2000000012,NA,NA,NA,NA,0.0139534884,NA,"",NA,"Imported from BAAD version 1.0.1",2019-02-04 19:09:54,2019-02-05 00:50:38,21,1000000003,0,4,NA,NA,NA,NA,NA,NA,NA
"436",1000000505,1000025748,1000011765,1000000093,NA,2000000012,NA,NA,NA,NA,0.5961538462,NA,"",NA,"Imported from BAAD version 1.0.1",2019-02-04 19:09:54,2019-02-05 00:50:38,21,1000000003,0,4,NA,NA,NA,NA,NA,NA,NA
"437",1000000509,1000025748,1000011797,1000000093,NA,2000000012,NA,NA,NA,NA,0.1891891892,NA,"",NA,"Imported from BAAD version 1.0.1",2019-02-04 19:09:55,2019-02-05 00:50:39,21,1000000003,0,4,NA,NA,NA,NA,NA,NA,NA
"438",1000000514,1000025748,1000011797,1000000093,NA,2000000012,NA,NA,NA,NA,0.1886792453,NA,"",NA,"Imported from BAAD version 1.0.1",2019-02-04 19:09:55,2019-02-05 00:50:39,21,1000000003,0,4,NA,NA,NA,NA,NA,NA,NA
"439",1000000519,1000025748,21994,1000000093,NA,2000000012,NA,NA,NA,NA,0.0432835821,NA,"",NA,"Imported from BAAD version 1.0.1",2019-02-04 19:09:56,2019-02-05 00:50:40,21,1000000003,0,4,NA,NA,NA,NA,NA,NA,NA
"440",1000000524,1000025748,21994,1000000093,NA,2000000012,NA,NA,NA,NA,0.0281690141,NA,"",NA,"Imported from BAAD version 1.0.1",2019-02-04 19:09:56,2019-02-05 00:50:41,21,1000000003,0,4,NA,NA,NA,NA,NA,NA,NA
"441",1000000529,1000025748,1000012985,1000000093,NA,2000000012,NA,NA,NA,NA,0.4205607477,NA,"",NA,"Imported from BAAD version 1.0.1",2019-02-04 19:09:57,2019-02-05 00:50:41,21,1000000003,0,4,NA,NA,NA,NA,NA,NA,NA
"442",1000000534,1000025748,1000012985,1000000093,NA,2000000012,NA,NA,NA,NA,0.369047619,NA,"",NA,"Imported from BAAD version 1.0.1",2019-02-04 19:09:58,2019-02-05 00:50:42,21,1000000003,0,4,NA,NA,NA,NA,NA,NA,NA
"443",1000000539,1000025748,3406,1000000093,NA,2000000012,NA,NA,NA,NA,0.3498023715,NA,"",NA,"Imported from BAAD version 1.0.1",2019-02-04 19:09:58,2019-02-05 00:50:43,21,1000000003,0,4,NA,NA,NA,NA,NA,NA,NA
"444",1000000544,1000025748,3406,1000000093,NA,2000000012,NA,NA,NA,NA,0.5940594059,NA,"",NA,"Imported from BAAD version 1.0.1",2019-02-04 19:09:59,2019-02-05 00:50:43,21,1000000003,0,4,NA,NA,NA,NA,NA,NA,NA
"445",1000000549,1000025748,39262,1000000093,NA,2000000012,NA,NA,NA,NA,0.4207317073,NA,"",NA,"Imported from BAAD version 1.0.1",2019-02-04 19:10:00,2019-02-05 00:50:44,21,1000000003,0,4,NA,NA,NA,NA,NA,NA,NA
"446",1000000553,1000025748,39262,1000000093,NA,2000000012,NA,NA,NA,NA,0.1455399061,NA,"",NA,"Imported from BAAD version 1.0.1",2019-02-04 19:10:00,2019-02-05 00:50:44,21,1000000003,0,4,NA,NA,NA,NA,NA,NA,NA
"447",1000000558,1000025748,1000002206,1000000093,NA,2000000012,NA,NA,NA,NA,0.146811071,NA,"",NA,"Imported from BAAD version 1.0.1",2019-02-04 19:10:01,2019-02-05 00:50:45,21,1000000003,0,4,NA,NA,NA,NA,NA,NA,NA
"448",1000000563,1000025748,1000002206,1000000093,NA,2000000012,NA,NA,NA,NA,0.0703517588,NA,"",NA,"Imported from BAAD version 1.0.1",2019-02-04 19:10:02,2019-02-05 00:50:46,21,1000000003,0,4,NA,NA,NA,NA,NA,NA,NA
"449",1000000565,1000025749,24008,1000000098,NA,2000000012,NA,NA,NA,NA,0.1404832131,NA,"",NA,"Imported from BAAD version 1.0.1",2019-02-04 19:10:02,2019-02-05 00:50:46,21,1000000003,0,4,NA,NA,NA,NA,NA,NA,NA
"450",1000000570,1000025749,24008,1000000098,NA,2000000012,NA,NA,NA,NA,0.0773815412,NA,"",NA,"Imported from BAAD version 1.0.1",2019-02-04 19:10:02,2019-02-05 00:50:47,21,1000000003,0,4,NA,NA,NA,NA,NA,NA,NA
"451",1000000575,1000025749,24008,1000000098,NA,2000000012,NA,NA,NA,NA,0.3031108462,NA,"",NA,"Imported from BAAD version 1.0.1",2019-02-04 19:10:03,2019-02-05 00:50:47,21,1000000003,0,4,NA,NA,NA,NA,NA,NA,NA
